record_id,bin_id,location,latitude,longitude,timestamp,fill_level,collection_status,bin_type,population_density,landfill_capacity
1,8597,Industrial Zone,-33.150744,-127.932128,2/3/2025 18:36,92,Pending,Organic,11673,7776
2,2609,Industrial Zone,-71.184301,125.775814,1/3/2025 4:12,36,Overflow,General,19211,80572
3,4252,Industrial Zone,36.817925,-7.203856,1/30/2025 16:33,19,Pending,General,5801,30487
4,9827,Suburb,-13.716996,35.790448,1/1/2025 6:15,68,Pending,Organic,6886,49172
5,9908,Midtown,-53.301107,38.375506,1/29/2025 5:03,98,Overflow,Recyclable,12696,29820
6,6775,Uptown,26.350531,1.331926,3/1/2025 16:29,47,Pending,General,6453,72226
7,8492,Industrial Zone,14.388065,-46.050635,2/8/2025 15:30,44,Overflow,Organic,13643,80203
8,5847,Midtown,73.786856,132.454255,1/27/2025 17:08,83,Overflow,Organic,10011,14552
9,7034,Industrial Zone,-50.285393,-1.920681,1/11/2025 4:55,90,Pending,Organic,17769,29245
10,2056,Midtown,30.329368,-143.646118,1/21/2025 13:40,21,Overflow,Recyclable,13183,79945
11,2107,Downtown,19.607968,-10.087883,2/4/2025 22:41,61,Collected,Organic,15349,34097
12,9906,Midtown,6.446871,-63.211506,2/22/2025 21:24,11,Pending,Organic,18500,90280
13,7278,Uptown,75.268623,25.948081,2/7/2025 6:14,6,Overflow,Recyclable,4871,75069
14,2239,Suburb,80.34144,131.259728,1/6/2025 23:09,72,Collected,Recyclable,11824,56585
15,6209,Midtown,-22.160583,-92.296697,2/18/2025 10:26,53,Overflow,General,14023,53848
16,2510,Uptown,72.626056,-92.670107,1/11/2025 19:22,13,Pending,Organic,3776,78788
17,2482,Suburb,67.367849,-95.408598,1/11/2025 22:50,83,Overflow,Recyclable,19306,33582
18,8503,Suburb,-37.769631,-164.79446,1/23/2025 3:21,75,Collected,General,8362,51342
19,4871,Uptown,-44.707204,-18.60062,2/14/2025 23:35,62,Collected,General,16930,71079
20,6091,Suburb,-8.503223,149.353444,2/3/2025 16:23,51,Collected,General,3451,4990
21,5986,Downtown,-46.896879,-94.934007,2/4/2025 19:21,20,Pending,Organic,16408,79099
22,9487,Midtown,9.637393,132.072705,1/1/2025 23:01,89,Collected,Recyclable,7912,47104
23,4202,Downtown,67.448742,-47.531573,2/4/2025 4:34,56,Pending,Recyclable,4577,82628
24,1594,Suburb,-5.935135,122.475939,1/13/2025 7:27,33,Overflow,Organic,16318,10687
25,4713,Uptown,-28.318254,18.228086,2/26/2025 14:39,58,Overflow,Recyclable,1163,12307
26,4088,Downtown,-3.886503,173.193461,1/7/2025 2:33,80,Overflow,Organic,1182,76979
27,1630,Uptown,29.12617,64.554784,2/25/2025 18:16,17,Collected,Recyclable,10538,61912
28,6757,Downtown,65.390398,-88.902876,2/16/2025 8:27,27,Pending,General,4928,52621
29,4119,Industrial Zone,-32.150345,141.954915,2/21/2025 3:29,8,Collected,Organic,16701,77220
30,8375,Uptown,-55.925413,-161.378261,1/5/2025 14:45,98,Collected,Recyclable,16620,73466
31,8730,Downtown,-50.310759,96.411471,2/16/2025 16:36,46,Overflow,Recyclable,11165,21861
32,1676,Downtown,-11.148011,147.090477,2/8/2025 5:30,33,Collected,General,13746,69555
33,7576,Downtown,50.417142,-37.792003,1/1/2025 23:50,46,Collected,Organic,8448,18854
34,2571,Suburb,31.559046,107.18729,1/23/2025 17:55,18,Pending,General,5907,91331
35,8805,Industrial Zone,-87.017477,126.836603,2/18/2025 0:42,17,Overflow,Organic,10937,24569
36,8213,Industrial Zone,8.616881,92.586583,1/26/2025 20:41,41,Pending,Recyclable,18624,62046
37,3258,Uptown,-27.876571,175.967416,1/19/2025 20:14,52,Overflow,Recyclable,8011,50789
38,7935,Suburb,68.794788,-110.561251,1/4/2025 21:02,84,Pending,Organic,8397,52418
39,5601,Downtown,86.270125,63.694773,1/17/2025 15:51,36,Overflow,Organic,18956,97201
40,2728,Downtown,-55.357892,28.779219,1/21/2025 9:13,92,Overflow,Recyclable,7353,90881
41,3071,Uptown,59.295705,153.081266,2/17/2025 7:53,93,Overflow,Organic,4288,54555
42,5792,Midtown,78.191814,-167.569445,1/3/2025 2:31,5,Pending,Organic,19044,47716
43,4605,Downtown,35.32807,133.537791,2/2/2025 15:14,36,Pending,General,15063,97842
44,7591,Downtown,-59.034805,122.802105,1/9/2025 5:49,9,Collected,Organic,16918,29307
45,7494,Uptown,25.098084,25.272282,2/8/2025 17:43,55,Pending,Organic,19841,54341
46,7809,Uptown,52.386811,89.584963,1/30/2025 0:54,94,Pending,Recyclable,6037,28910
47,4481,Downtown,-79.058287,174.398338,1/11/2025 17:58,6,Collected,Organic,10840,4644
48,5545,Midtown,-46.236457,-50.286247,2/22/2025 13:03,51,Pending,Organic,8553,80504
49,9135,Downtown,-82.258205,4.13693,2/25/2025 5:32,2,Pending,Recyclable,11098,37252
50,2985,Suburb,13.377759,137.684362,3/1/2025 21:42,51,Overflow,General,5353,50010
51,4575,Downtown,36.2245,107.919549,1/7/2025 8:34,46,Collected,Recyclable,4853,32561
52,1930,Uptown,-31.093903,103.294517,1/13/2025 10:14,96,Pending,Organic,3259,84533
53,7573,Uptown,-10.689538,83.056111,1/29/2025 3:53,61,Overflow,Recyclable,5801,2410
54,5779,Midtown,41.704693,-8.542563,1/17/2025 18:48,46,Pending,General,4492,35574
55,2303,Uptown,75.594766,-140.528648,2/17/2025 9:56,59,Collected,General,9424,83562
56,3351,Industrial Zone,35.772477,-75.152134,1/30/2025 18:11,76,Collected,General,4752,21452
57,4440,Midtown,-34.668948,-80.624082,1/2/2025 14:36,93,Collected,General,17169,57025
58,1904,Industrial Zone,17.57239,85.601069,2/10/2025 13:56,60,Collected,Organic,15600,6142
59,3991,Suburb,26.078816,94.680972,1/6/2025 12:46,63,Pending,Organic,17510,65363
60,5510,Suburb,7.596174,6.75163,1/22/2025 3:05,33,Collected,Organic,15123,62154
61,5244,Midtown,49.678585,106.750944,2/4/2025 15:11,72,Pending,General,2139,58909
62,3736,Downtown,-88.684647,67.495015,1/29/2025 7:46,99,Pending,Organic,16340,27138
63,3051,Downtown,22.409493,-36.625261,2/17/2025 1:52,17,Pending,Organic,7581,78494
64,4804,Midtown,37.218054,151.858814,2/17/2025 16:23,93,Pending,General,2824,53220
65,2327,Uptown,82.562043,-2.25901,2/3/2025 3:49,49,Overflow,General,15827,1458
66,5666,Industrial Zone,65.427086,-103.305403,1/3/2025 5:26,72,Collected,Organic,11230,28900
67,2374,Downtown,-6.130461,-141.252724,1/14/2025 4:37,62,Pending,Recyclable,17484,74624
68,4867,Industrial Zone,-17.233934,156.357533,1/14/2025 11:03,35,Overflow,Recyclable,1443,41562
69,1110,Midtown,-44.842671,-11.987173,2/9/2025 1:42,42,Collected,Organic,14960,14488
70,6366,Midtown,-60.035235,-172.98937,1/26/2025 9:04,90,Overflow,Recyclable,13880,76688
71,5120,Uptown,1.920647,77.246681,1/15/2025 9:43,23,Collected,Recyclable,2396,47899
72,2107,Suburb,-19.63526,142.575089,1/28/2025 7:40,5,Pending,General,7642,89448
73,6830,Industrial Zone,42.77281,-67.496252,1/30/2025 4:24,26,Overflow,Recyclable,8077,98407
74,2721,Suburb,22.518485,26.806944,2/23/2025 18:39,75,Pending,General,16286,64151
75,2534,Uptown,-28.604646,-122.317579,2/14/2025 1:14,33,Pending,General,11991,79677
76,5657,Midtown,57.137341,132.361491,1/26/2025 11:01,3,Pending,General,8764,63917
77,3471,Industrial Zone,-61.978731,124.265922,1/12/2025 23:52,56,Collected,Organic,19730,84173
78,8212,Suburb,-22.928088,35.099909,2/9/2025 18:20,99,Overflow,General,4031,41204
79,8880,Midtown,76.424004,-170.45909,2/26/2025 4:16,45,Collected,Recyclable,16094,77617
80,5913,Midtown,77.083531,-173.768505,1/4/2025 18:00,52,Collected,General,16648,53819
81,2888,Midtown,77.49923,102.454272,3/1/2025 23:04,57,Overflow,Recyclable,735,99953
82,3000,Suburb,-89.153916,-54.353181,2/27/2025 16:41,79,Pending,Organic,1967,49639
83,2247,Midtown,-82.254584,179.2304,2/28/2025 1:49,66,Overflow,Recyclable,14431,96186
84,7482,Industrial Zone,-47.410414,-74.233131,2/11/2025 12:43,82,Collected,General,2454,73658
85,2379,Suburb,4.416141,-149.681871,2/21/2025 12:46,23,Pending,General,9225,10332
86,6782,Suburb,89.368797,124.230953,1/16/2025 10:54,60,Collected,Recyclable,1611,36315
87,3587,Industrial Zone,51.030036,50.157769,2/11/2025 0:50,2,Pending,Recyclable,12472,8655
88,1167,Suburb,67.993958,65.888936,1/15/2025 13:57,81,Pending,General,7677,86487
89,7713,Uptown,67.222624,128.732699,1/6/2025 13:50,23,Pending,General,5705,56527
90,5109,Uptown,51.749397,96.108891,1/13/2025 9:29,27,Pending,Organic,16914,34678
91,7893,Suburb,57.016588,33.285826,2/3/2025 21:13,21,Collected,General,1115,5346
92,6546,Suburb,62.461872,-15.647026,1/31/2025 0:45,28,Overflow,General,14984,31394
93,6636,Suburb,-5.197419,-104.324792,1/16/2025 20:55,23,Collected,Organic,11754,38318
94,2247,Uptown,-45.458722,-130.77968,1/25/2025 9:46,9,Collected,Recyclable,5297,55165
95,2206,Suburb,79.923267,24.051447,1/2/2025 17:00,91,Collected,General,5862,67281
96,7027,Uptown,48.99189,-101.135616,1/10/2025 15:35,12,Pending,General,12494,3970
97,6722,Downtown,5.637928,-16.078891,2/2/2025 20:00,16,Collected,Recyclable,17471,72168
98,4121,Uptown,9.352258,-103.738223,2/24/2025 2:32,2,Overflow,Organic,17221,24393
99,9488,Industrial Zone,-10.172241,21.335284,2/16/2025 6:47,34,Overflow,Organic,4786,63708
100,2169,Uptown,-19.599382,-112.906698,2/12/2025 7:19,46,Collected,General,3163,99114
101,8171,Uptown,81.081484,-18.245927,1/4/2025 2:31,87,Overflow,General,13364,83377
102,6870,Uptown,-73.993264,-128.233643,2/17/2025 9:54,100,Overflow,General,19290,30436
103,5349,Suburb,-73.001197,88.109532,1/4/2025 3:26,28,Pending,Recyclable,10407,66447
104,5152,Industrial Zone,-29.923005,-92.839715,2/13/2025 8:45,82,Collected,Recyclable,14117,28298
105,8171,Uptown,75.174297,25.81541,2/19/2025 8:39,48,Overflow,Recyclable,4552,32637
106,6161,Downtown,-77.409527,-119.880859,3/1/2025 3:29,32,Overflow,Organic,5431,56060
107,7050,Industrial Zone,-74.579895,164.391435,2/22/2025 17:10,84,Collected,Organic,12697,98897
108,8824,Industrial Zone,-77.975162,-177.086159,1/8/2025 21:16,52,Overflow,Recyclable,11018,56814
109,7192,Industrial Zone,-37.838175,-110.650793,2/12/2025 0:33,10,Overflow,Organic,6051,46392
110,3319,Uptown,38.933147,38.214472,2/27/2025 15:21,17,Collected,General,15160,49978
111,7658,Suburb,22.515033,-120.35934,1/15/2025 21:24,3,Pending,Recyclable,6088,26163
112,3988,Industrial Zone,3.630518,112.648361,1/7/2025 15:54,79,Pending,General,5394,81036
113,3024,Downtown,-3.902513,118.387699,1/30/2025 4:42,86,Pending,Recyclable,4097,65131
114,8415,Midtown,82.212659,-40.96269,1/1/2025 0:52,38,Collected,General,6515,56392
115,5183,Suburb,-17.079128,-26.779893,2/27/2025 6:26,54,Overflow,Recyclable,2526,53411
116,1054,Downtown,-88.416475,-18.128768,2/4/2025 2:59,61,Collected,General,9146,77736
117,7941,Downtown,-81.794203,48.947335,2/15/2025 11:19,0,Pending,General,2808,66079
118,4891,Industrial Zone,3.341328,107.626409,1/22/2025 15:59,39,Pending,General,10929,3299
119,5926,Uptown,-59.664378,-13.30189,2/13/2025 8:22,43,Overflow,Organic,16220,6103
120,4666,Suburb,63.684194,-118.991356,1/23/2025 9:21,42,Pending,Organic,7424,6219
121,8442,Midtown,-45.838643,96.601345,2/19/2025 22:44,98,Collected,Recyclable,14072,6033
122,3332,Midtown,-27.705969,118.345179,2/28/2025 23:57,10,Pending,Organic,4931,17585
123,7884,Midtown,-55.352173,-172.018468,1/14/2025 21:32,86,Overflow,Recyclable,2956,79775
124,1990,Industrial Zone,-16.568251,156.037137,2/9/2025 20:28,50,Overflow,General,12815,42067
125,2700,Industrial Zone,-16.905062,-106.223789,2/7/2025 15:45,97,Overflow,General,10929,72342
126,1154,Midtown,-21.892256,39.481568,1/5/2025 21:11,51,Pending,Organic,3143,42675
127,2225,Industrial Zone,-27.465555,-59.955464,1/11/2025 6:20,9,Overflow,Recyclable,11781,57126
128,6820,Industrial Zone,-64.743387,28.095669,1/29/2025 13:52,99,Pending,General,17261,36770
129,9122,Suburb,66.094708,-174.741938,1/25/2025 18:47,13,Pending,Organic,5155,18020
130,1259,Downtown,-83.294081,106.945981,1/22/2025 13:03,37,Overflow,General,6883,8194
131,1189,Industrial Zone,0.478328,52.988955,1/27/2025 13:57,93,Overflow,General,11468,20908
132,4604,Uptown,-88.315552,-60.709196,1/16/2025 0:32,75,Collected,Organic,14422,55103
133,1651,Suburb,-73.298039,-109.037577,1/13/2025 18:45,21,Collected,Recyclable,17026,90164
134,3522,Industrial Zone,9.980541,-37.294579,2/15/2025 9:59,32,Overflow,Recyclable,13607,81064
135,5574,Midtown,-10.622565,-2.271648,2/13/2025 9:53,95,Pending,General,5297,99682
136,8465,Uptown,-85.292919,-67.180032,1/22/2025 14:59,71,Overflow,Recyclable,2698,32032
137,5954,Uptown,-26.400674,90.187995,2/12/2025 3:32,63,Overflow,Organic,10914,98574
138,9696,Uptown,-65.513031,-103.588278,2/8/2025 2:46,8,Collected,Organic,9552,2295
139,8356,Uptown,83.695077,167.735288,1/2/2025 4:24,78,Overflow,Recyclable,12259,55146
140,6083,Downtown,3.430387,146.789768,2/9/2025 15:06,43,Overflow,General,2823,32536
141,3470,Midtown,-3.64394,30.37013,2/23/2025 16:40,65,Pending,General,8771,51471
142,7027,Midtown,-61.824867,-109.796307,2/8/2025 19:41,29,Overflow,General,17528,67419
143,4527,Midtown,-48.148519,112.215299,2/12/2025 19:06,25,Pending,General,7770,16974
144,2817,Midtown,66.785951,82.184415,2/22/2025 15:11,20,Overflow,General,8840,93176
145,4056,Suburb,-19.01038,45.549927,1/9/2025 16:26,17,Collected,General,14046,36602
146,2068,Uptown,26.294028,-162.140604,1/27/2025 4:03,50,Pending,General,6130,60163
147,2825,Downtown,-38.489618,58.458696,1/29/2025 2:24,84,Collected,General,3773,28862
148,6438,Uptown,-11.302701,110.309705,1/7/2025 11:59,13,Pending,General,14188,30762
149,9645,Uptown,76.182451,141.953521,1/25/2025 14:37,19,Overflow,Recyclable,3335,70362
150,6980,Downtown,24.318267,29.883992,2/26/2025 14:10,45,Pending,Organic,6654,32467
151,6184,Downtown,89.73524,43.264291,1/22/2025 23:18,77,Overflow,General,9663,28212
152,7414,Downtown,-40.555594,-86.362807,1/20/2025 10:59,83,Pending,General,17533,27082
153,8061,Suburb,2.151954,17.610403,2/10/2025 3:35,25,Collected,Organic,531,17908
154,9114,Midtown,-30.710646,29.77843,2/27/2025 22:42,24,Pending,Recyclable,7843,67876
155,8653,Suburb,-63.419497,-115.077798,1/21/2025 14:25,98,Pending,General,16485,86569
156,9799,Midtown,68.944802,107.49694,1/28/2025 13:03,31,Overflow,General,4304,61198
157,8088,Suburb,-46.29685,7.475273,1/3/2025 6:04,16,Overflow,General,18205,52424
158,5300,Suburb,26.471491,-37.536389,1/20/2025 2:33,49,Pending,Organic,18877,45292
159,6632,Uptown,-3.113097,91.510098,2/5/2025 11:11,8,Overflow,General,19131,17104
160,7830,Uptown,85.660415,37.859551,1/9/2025 6:00,36,Pending,General,5002,13691
161,3301,Uptown,-37.267079,-70.84055,1/12/2025 16:15,97,Overflow,Recyclable,9637,40363
162,9783,Midtown,-17.355976,-21.689735,1/15/2025 13:45,1,Overflow,Organic,4184,8088
163,6820,Uptown,89.173868,19.305709,1/11/2025 6:15,57,Pending,Recyclable,13699,50871
164,3390,Industrial Zone,-32.293675,-105.490411,2/8/2025 5:10,84,Collected,General,1099,16725
165,1181,Midtown,-54.87049,59.31881,2/10/2025 7:01,29,Collected,General,17080,69045
166,5277,Suburb,64.018225,-60.728245,1/19/2025 18:58,45,Overflow,General,10231,70359
167,7305,Uptown,-81.02211,62.111748,2/19/2025 2:41,82,Overflow,General,15707,49787
168,4158,Suburb,11.610396,124.123032,1/8/2025 11:05,63,Collected,Recyclable,12083,46342
169,4897,Midtown,3.717402,-79.424336,2/4/2025 11:25,33,Pending,Recyclable,1119,74397
170,5243,Downtown,38.698536,-10.0147,1/18/2025 6:59,56,Collected,Recyclable,7386,11617
171,7006,Industrial Zone,73.942193,-126.287134,2/20/2025 16:50,88,Pending,Organic,1753,85577
172,9141,Suburb,-60.58919,39.651216,1/24/2025 3:25,0,Collected,Recyclable,12929,89566
173,9013,Downtown,17.553012,-129.862419,2/8/2025 15:10,5,Pending,Organic,711,31702
174,9922,Industrial Zone,86.173468,155.471865,1/3/2025 11:58,45,Collected,Recyclable,1164,10122
175,4415,Downtown,18.025622,130.393651,2/27/2025 2:22,16,Pending,General,4467,16612
176,3095,Suburb,-75.178868,107.08828,2/3/2025 19:53,49,Collected,Organic,2811,20955
177,1242,Suburb,25.7906,50.163891,2/15/2025 4:53,37,Overflow,General,8097,71154
178,9407,Downtown,-63.531205,109.96273,1/8/2025 13:21,24,Collected,General,12988,42946
179,4780,Downtown,-21.269725,35.061073,2/9/2025 9:15,28,Overflow,General,17900,38903
180,9542,Suburb,43.70923,124.313981,2/4/2025 5:00,15,Overflow,Recyclable,7250,60688
181,2568,Industrial Zone,-43.690534,8.641357,3/1/2025 15:43,21,Overflow,General,13039,84372
182,7321,Downtown,64.866014,-33.819866,2/16/2025 4:07,25,Pending,Organic,15888,35239
183,1025,Midtown,56.272821,-24.64184,2/1/2025 4:17,8,Overflow,Organic,19061,29660
184,1444,Suburb,-75.351722,149.84985,2/7/2025 0:19,93,Collected,Organic,13386,94909
185,5894,Midtown,-16.896116,-14.880805,1/11/2025 6:32,38,Pending,Recyclable,3918,35467
186,7431,Industrial Zone,-69.009188,-46.785709,1/17/2025 0:32,63,Pending,Recyclable,9088,84063
187,8506,Uptown,55.073793,-93.197575,2/12/2025 19:41,0,Collected,Recyclable,3045,54987
188,4523,Uptown,51.101966,49.800211,1/17/2025 14:13,5,Collected,General,8031,14331
189,4822,Industrial Zone,22.577754,62.53573,1/6/2025 13:31,9,Pending,Organic,13626,72502
190,8037,Downtown,5.458482,-38.810632,1/12/2025 12:38,62,Pending,Organic,9607,27876
191,9155,Downtown,75.949254,136.482684,1/2/2025 11:43,25,Pending,Recyclable,15022,60818
192,4070,Suburb,83.456535,85.860107,2/2/2025 22:12,28,Collected,Recyclable,19792,2934
193,9401,Uptown,32.427571,-105.342213,2/9/2025 8:42,81,Collected,Organic,1523,39066
194,5834,Industrial Zone,-3.391344,154.453625,2/28/2025 17:36,68,Collected,Recyclable,19519,58301
195,1967,Uptown,6.918089,63.087386,1/31/2025 8:20,91,Pending,Recyclable,16383,93873
196,4856,Downtown,-11.614283,-10.351937,1/22/2025 1:22,36,Overflow,Organic,3764,74534
197,4918,Industrial Zone,-56.156917,-9.241914,2/19/2025 5:06,51,Overflow,Organic,3642,26014
198,1872,Downtown,52.634428,-56.052105,2/20/2025 19:56,91,Collected,Recyclable,19867,85801
199,8708,Suburb,-40.212292,85.16695,1/4/2025 3:02,25,Pending,Recyclable,15548,42402
200,7492,Midtown,-73.965908,-34.422827,1/13/2025 2:23,5,Overflow,Organic,17890,3563
201,4541,Uptown,16.448441,-58.454261,2/9/2025 23:51,97,Collected,Recyclable,2663,57716
202,7869,Suburb,-44.270652,-108.179851,1/26/2025 8:12,46,Overflow,General,8185,16033
203,1036,Industrial Zone,-56.474155,18.024742,1/23/2025 0:52,48,Collected,Recyclable,3352,38165
204,8813,Midtown,41.632353,140.037396,2/9/2025 5:23,17,Overflow,Organic,8166,56221
205,2654,Uptown,-18.825121,12.660611,1/20/2025 9:21,48,Collected,General,2682,63722
206,7526,Midtown,18.126417,-37.754751,2/3/2025 11:03,25,Pending,Recyclable,6539,75765
207,4960,Uptown,63.338661,104.303416,1/4/2025 6:22,82,Overflow,Recyclable,11291,85951
208,9989,Uptown,29.974462,-147.85435,2/13/2025 18:50,12,Collected,Recyclable,5349,26861
209,2934,Suburb,40.297523,-48.881314,2/24/2025 23:12,11,Collected,General,6595,25281
210,8806,Uptown,-67.291629,118.845687,1/4/2025 0:41,50,Pending,Recyclable,17895,14447
211,8520,Suburb,1.696682,47.422345,2/21/2025 21:27,85,Overflow,Organic,7562,46999
212,8177,Downtown,-8.454156,-173.221554,2/12/2025 8:26,72,Pending,Organic,2970,29508
213,2514,Suburb,61.49588,166.783552,1/29/2025 4:12,8,Collected,Organic,13508,37627
214,7695,Industrial Zone,42.569794,34.467099,2/15/2025 4:51,7,Pending,General,14789,8296
215,5840,Uptown,-41.57057,-169.89407,3/1/2025 8:27,81,Pending,Organic,15410,75943
216,9495,Downtown,-32.047833,-69.185723,1/9/2025 17:23,52,Collected,General,10830,61745
217,4644,Industrial Zone,77.278049,103.793994,1/28/2025 3:13,3,Collected,Recyclable,6806,20442
218,3378,Uptown,-85.42992,76.703896,2/18/2025 10:20,78,Collected,Recyclable,11675,57622
219,8418,Suburb,-47.970741,138.221591,2/4/2025 1:32,96,Pending,General,2742,15093
220,2326,Industrial Zone,-64.03446,174.994083,2/7/2025 17:59,69,Collected,Organic,19529,53957
221,2500,Downtown,-88.043955,-63.493536,2/23/2025 7:27,64,Overflow,Recyclable,12110,1848
222,7161,Downtown,16.279194,124.356637,2/3/2025 10:53,53,Collected,General,854,71156
223,6823,Suburb,35.839413,158.429648,2/24/2025 0:03,72,Collected,Recyclable,16174,26660
224,2749,Midtown,56.651484,-105.151549,2/22/2025 0:23,19,Overflow,Recyclable,17204,65150
225,1387,Downtown,27.434255,153.421606,1/19/2025 6:06,68,Collected,Recyclable,7282,78831
226,5696,Midtown,16.044086,-174.340701,2/15/2025 22:42,89,Pending,Recyclable,10062,37758
227,5067,Midtown,74.362259,56.372122,2/24/2025 7:39,86,Pending,General,16801,65001
228,1178,Suburb,14.174261,146.702915,2/22/2025 1:49,16,Collected,Organic,10731,21340
229,4644,Uptown,28.001948,-9.008463,1/2/2025 5:33,66,Overflow,General,10980,76884
230,5056,Suburb,-25.929055,131.57414,1/13/2025 7:26,2,Overflow,Recyclable,15695,10974
231,1352,Industrial Zone,-74.585661,167.230988,2/9/2025 2:03,34,Collected,General,11605,93968
232,7056,Downtown,-0.293139,-150.050161,2/28/2025 13:41,77,Pending,General,10004,68773
233,9997,Suburb,-58.328171,-103.325874,2/19/2025 5:17,53,Overflow,Organic,624,88021
234,9057,Industrial Zone,21.570829,142.933929,1/31/2025 18:42,0,Pending,Organic,7087,50704
235,6706,Midtown,48.640504,15.710083,2/14/2025 11:41,88,Collected,General,9286,87277
236,5027,Industrial Zone,-88.701086,-149.133485,2/18/2025 9:56,59,Overflow,Recyclable,3618,79263
237,4315,Downtown,85.027557,10.872562,2/11/2025 14:21,8,Collected,Recyclable,11012,9158
238,5087,Downtown,-77.805114,-34.55521,2/23/2025 13:42,74,Collected,General,14456,35811
239,2351,Midtown,-19.114118,-103.242148,2/3/2025 6:25,67,Pending,General,19562,88127
240,9588,Downtown,-85.317068,-89.735824,2/25/2025 18:48,74,Pending,Organic,6855,26854
241,8261,Suburb,29.315224,-73.617416,1/25/2025 13:14,19,Collected,General,7886,29043
242,7503,Suburb,11.213985,-18.638465,1/14/2025 22:32,15,Pending,Organic,7737,20729
243,5384,Industrial Zone,78.864347,74.155881,1/31/2025 13:58,75,Overflow,Recyclable,2204,15426
244,6340,Uptown,-34.068308,4.495399,1/7/2025 16:23,31,Pending,Recyclable,14380,11803
245,6731,Downtown,-20.480001,73.332039,1/21/2025 21:59,2,Collected,Organic,12519,23925
246,7529,Industrial Zone,4.67666,-112.016766,1/13/2025 19:42,69,Pending,Organic,12951,48990
247,6443,Industrial Zone,57.709723,141.833716,2/18/2025 13:33,6,Overflow,General,11916,35418
248,3629,Suburb,18.884571,-150.493693,2/25/2025 11:48,40,Collected,General,1169,21448
249,9263,Downtown,-8.584974,92.106929,2/20/2025 9:31,49,Overflow,Recyclable,4623,24165
250,3977,Industrial Zone,-9.881572,2.255748,2/2/2025 16:46,85,Overflow,Recyclable,3953,99649
251,8967,Uptown,-34.326181,149.569636,2/5/2025 12:37,96,Collected,Organic,11087,31306
252,3180,Uptown,75.350615,-83.954699,1/9/2025 14:38,9,Overflow,Recyclable,7171,51439
253,5960,Midtown,-60.114697,-11.602852,2/18/2025 14:39,87,Pending,General,6290,11725
254,4590,Industrial Zone,-88.36466,-111.862024,1/25/2025 11:26,58,Collected,General,17755,39940
255,9613,Industrial Zone,-88.374558,138.545658,2/26/2025 18:38,75,Pending,Recyclable,8547,46306
256,1394,Midtown,88.275079,135.890732,1/6/2025 12:11,15,Pending,Organic,5839,46454
257,6273,Uptown,-27.308727,-166.173638,1/10/2025 9:47,34,Collected,Recyclable,8294,54197
258,5057,Downtown,34.869044,166.815507,1/27/2025 22:34,29,Overflow,Recyclable,5633,26596
259,6914,Suburb,58.19949,-41.023889,2/10/2025 8:27,43,Overflow,Organic,18232,65440
260,5250,Uptown,40.600329,-144.402753,1/5/2025 6:08,28,Overflow,General,2836,2749
261,6614,Uptown,82.321262,-98.760623,1/7/2025 4:55,42,Collected,General,16278,15089
262,5557,Suburb,63.357723,-10.348151,2/6/2025 16:36,83,Pending,General,8555,55495
263,1428,Uptown,-14.980627,47.508599,2/10/2025 0:50,30,Pending,General,13024,67610
264,9237,Uptown,-4.006999,22.908612,2/9/2025 14:31,69,Collected,General,13887,9538
265,9493,Midtown,58.301917,-70.120326,2/12/2025 22:37,27,Collected,General,10011,85095
266,9483,Industrial Zone,-5.546839,53.2008,2/9/2025 14:18,53,Pending,Organic,13337,48637
267,1912,Midtown,-43.022188,77.934045,2/8/2025 22:03,25,Overflow,Organic,18164,68862
268,9523,Industrial Zone,62.343318,-5.945141,1/21/2025 1:18,60,Collected,Recyclable,11024,75347
269,1846,Industrial Zone,39.475261,-148.063477,1/2/2025 20:31,26,Overflow,General,2676,78480
270,7175,Suburb,45.380439,130.85695,2/28/2025 13:51,98,Collected,Recyclable,14999,27078
271,9903,Midtown,3.920393,129.130909,1/30/2025 22:09,93,Overflow,General,13037,84189
272,9099,Suburb,-24.986152,-23.961893,2/22/2025 21:23,64,Pending,Recyclable,8893,19590
273,6319,Industrial Zone,-16.331453,80.67783,1/15/2025 12:06,24,Pending,General,14941,84427
274,6522,Industrial Zone,-20.435429,104.816682,2/7/2025 4:56,39,Collected,Recyclable,5280,75687
275,7181,Industrial Zone,-18.788809,140.667178,1/10/2025 15:46,57,Pending,General,7220,33977
276,4187,Downtown,73.984792,-80.781693,1/11/2025 16:25,34,Overflow,Recyclable,15434,76316
277,1240,Midtown,-64.242119,-75.1723,1/31/2025 22:33,21,Collected,General,14917,76743
278,1163,Suburb,-37.323673,87.596803,2/10/2025 17:16,43,Overflow,Organic,19503,28405
279,8387,Downtown,45.504465,41.335411,1/27/2025 0:10,64,Collected,General,11285,16435
280,8229,Midtown,89.76038,-159.407318,2/2/2025 21:44,68,Overflow,Organic,16704,5836
281,1775,Suburb,-64.927279,-35.283191,1/5/2025 22:09,18,Collected,Recyclable,9376,18982
282,6636,Midtown,52.112564,-80.837634,1/19/2025 8:45,84,Collected,Recyclable,6137,63659
283,6195,Uptown,-61.330631,32.908094,1/14/2025 15:04,13,Collected,General,4102,72365
284,8529,Uptown,56.129925,-155.082892,2/14/2025 14:07,42,Pending,Organic,18392,93536
285,3950,Suburb,-63.436461,14.607487,1/18/2025 21:35,98,Overflow,General,7443,57974
286,3047,Industrial Zone,-32.450773,112.407692,1/2/2025 23:22,17,Pending,General,3378,87773
287,4741,Uptown,-47.633052,37.048506,2/1/2025 20:40,87,Pending,Organic,6732,86195
288,3681,Industrial Zone,-56.92164,-101.7404,1/19/2025 16:58,23,Overflow,Recyclable,9221,98268
289,3872,Suburb,-88.710089,-169.564409,1/27/2025 20:32,84,Collected,Recyclable,8863,3544
290,8092,Industrial Zone,11.713971,-88.22414,1/28/2025 8:02,22,Overflow,Recyclable,2068,83680
291,6415,Uptown,66.466789,-111.84364,2/1/2025 15:43,97,Collected,General,17725,68300
292,2048,Midtown,-53.640188,-22.966636,1/28/2025 8:37,23,Collected,Recyclable,19929,8342
293,2008,Industrial Zone,40.101835,-139.573652,1/14/2025 1:27,80,Collected,General,5209,99843
294,4823,Industrial Zone,85.831365,76.476543,1/5/2025 20:48,23,Overflow,Recyclable,18335,18284
295,6126,Suburb,-75.81739,-36.09655,2/18/2025 1:35,35,Overflow,General,14892,9452
296,1374,Uptown,58.69524,119.257016,1/5/2025 5:47,9,Pending,Organic,2388,26450
297,3757,Suburb,53.096749,121.272134,1/5/2025 2:09,11,Pending,General,10065,62758
298,8900,Suburb,-88.251692,24.936852,2/6/2025 13:48,89,Pending,General,7853,31385
299,1148,Suburb,-45.571749,34.541708,1/29/2025 11:22,1,Overflow,General,4255,49730
300,1956,Midtown,-7.353929,148.265541,2/5/2025 20:08,18,Overflow,Organic,12413,31512
301,5044,Midtown,-31.152177,165.62439,2/7/2025 21:37,93,Overflow,General,5177,19969
302,7878,Midtown,86.157322,-85.964359,1/19/2025 8:17,98,Pending,Recyclable,10735,96178
303,9160,Suburb,57.166919,71.771442,1/12/2025 18:01,24,Overflow,Organic,5590,17326
304,2870,Suburb,-14.461419,141.810307,1/23/2025 21:52,74,Overflow,Recyclable,6086,56583
305,1820,Midtown,-22.684281,-48.269047,1/4/2025 22:10,70,Pending,General,7326,16998
306,6013,Downtown,62.962802,-55.92079,2/18/2025 16:10,78,Collected,Recyclable,16911,3853
307,8237,Uptown,30.714303,18.699989,2/21/2025 22:08,50,Collected,General,14630,5611
308,5313,Industrial Zone,-69.135722,-44.671983,1/24/2025 20:20,57,Pending,Recyclable,4891,65845
309,9108,Industrial Zone,89.743568,-41.196572,1/7/2025 4:01,36,Overflow,Recyclable,14114,62230
310,9759,Uptown,-0.894714,-22.435163,2/4/2025 20:17,37,Collected,Recyclable,12585,13340
311,1542,Industrial Zone,31.293576,-125.424063,1/19/2025 19:43,14,Overflow,General,14342,1860
312,2535,Industrial Zone,86.758216,43.934902,1/4/2025 13:25,43,Pending,Organic,16833,43010
313,6556,Suburb,27.814607,-101.336173,1/21/2025 3:24,29,Collected,General,2931,77472
314,7563,Midtown,-67.05821,154.118574,1/9/2025 16:32,19,Overflow,General,11035,46694
315,6834,Midtown,-69.422345,-8.767907,2/10/2025 16:42,3,Pending,General,17821,57392
316,2994,Industrial Zone,-18.045573,121.440673,2/12/2025 11:22,43,Overflow,Recyclable,16220,88686
317,7849,Downtown,-81.698557,-101.289666,1/12/2025 1:18,72,Overflow,Organic,884,74080
318,8622,Industrial Zone,-10.493364,-19.919115,2/10/2025 3:26,22,Collected,Organic,18776,49530
319,3609,Suburb,-44.797268,-5.830729,1/1/2025 5:33,58,Pending,Organic,8640,27615
320,5671,Downtown,12.18611,169.027103,1/21/2025 10:04,61,Collected,Recyclable,5943,34457
321,8912,Industrial Zone,24.372981,80.560114,1/12/2025 15:08,43,Pending,Recyclable,9510,94608
322,9045,Midtown,-67.629323,30.634743,2/11/2025 1:39,63,Overflow,General,7809,73199
323,1258,Downtown,21.5497,137.72287,2/3/2025 2:45,82,Overflow,Organic,2739,82448
324,9982,Uptown,4.864817,-99.302083,1/19/2025 22:39,95,Pending,General,2627,66720
325,2888,Uptown,21.910966,42.926665,1/15/2025 6:29,65,Overflow,Organic,19208,84069
326,4370,Industrial Zone,-88.481966,-106.956262,2/1/2025 11:52,83,Pending,Recyclable,15357,51904
327,2841,Suburb,-80.993069,49.101958,1/5/2025 4:59,66,Overflow,Recyclable,11323,85040
328,8326,Industrial Zone,-0.32666,125.67866,1/16/2025 7:55,12,Overflow,Organic,18663,95361
329,5457,Suburb,70.235487,147.905228,1/30/2025 14:19,79,Overflow,Recyclable,8089,68452
330,8343,Uptown,-62.113211,66.559416,2/6/2025 11:00,57,Overflow,General,16788,7749
331,7498,Suburb,78.094424,60.708673,1/28/2025 12:32,0,Pending,Organic,4492,56708
332,1640,Industrial Zone,-34.133427,-166.765164,1/25/2025 6:22,30,Overflow,General,5861,77137
333,5009,Uptown,-29.272917,12.771058,2/12/2025 16:33,52,Overflow,General,19316,82820
334,6045,Industrial Zone,75.779428,14.208832,2/21/2025 1:13,68,Pending,General,8618,98870
335,7747,Industrial Zone,-17.602817,-144.134047,2/21/2025 7:55,23,Overflow,Recyclable,10677,33666
336,1993,Industrial Zone,-14.877427,155.795193,2/26/2025 12:45,26,Overflow,Organic,15200,69832
337,1728,Midtown,81.788172,-163.159541,1/6/2025 12:02,59,Collected,Organic,16965,90606
338,8248,Downtown,69.167217,126.540407,1/12/2025 21:47,69,Collected,Organic,6346,60053
339,2749,Downtown,44.871161,17.732232,2/10/2025 2:08,9,Overflow,Organic,960,3781
340,2381,Suburb,64.487906,-18.253163,2/27/2025 22:11,45,Pending,General,13860,99975
341,1989,Downtown,22.001843,91.4771,1/14/2025 0:29,1,Pending,Organic,3747,30580
342,4036,Uptown,-86.145788,4.237547,2/23/2025 13:26,87,Pending,General,3896,63232
343,1480,Uptown,-63.587729,-92.304432,2/12/2025 22:33,32,Collected,Recyclable,8967,84228
344,8130,Industrial Zone,-52.036933,-49.857687,1/17/2025 0:06,54,Overflow,Organic,6712,30161
345,6299,Uptown,-82.48781,-31.466094,2/23/2025 18:33,24,Collected,Recyclable,13425,11365
346,1951,Suburb,84.103983,7.695876,1/23/2025 15:32,97,Pending,Organic,8447,94342
347,9320,Downtown,23.257228,-145.255131,1/17/2025 18:27,25,Pending,Recyclable,14988,80338
348,4458,Suburb,47.767205,71.986763,2/19/2025 22:23,37,Overflow,Organic,13486,54571
349,2030,Downtown,50.403034,37.616971,2/12/2025 5:47,83,Collected,Organic,3253,32076
350,5856,Industrial Zone,-3.690398,-19.196185,2/2/2025 14:11,96,Overflow,Recyclable,15688,54128
351,4514,Suburb,35.307893,67.996641,1/11/2025 22:26,91,Pending,General,584,29883
352,4877,Uptown,72.078058,-103.056768,1/19/2025 18:30,79,Overflow,General,9373,16474
353,3358,Uptown,-70.566788,44.230958,1/3/2025 5:49,92,Overflow,Organic,15565,76216
354,2460,Uptown,71.101443,150.950312,1/4/2025 2:57,81,Pending,Recyclable,575,22126
355,6675,Industrial Zone,-42.147396,-3.356985,2/5/2025 20:25,63,Collected,Recyclable,6740,71779
356,5725,Suburb,14.5935,-122.689154,2/14/2025 13:57,46,Pending,Recyclable,15898,29484
357,9967,Midtown,-40.613323,-23.263494,2/28/2025 9:27,14,Pending,Organic,2196,49476
358,9212,Midtown,-53.246607,40.763192,1/14/2025 6:02,94,Collected,General,15785,90400
359,7052,Downtown,78.646707,94.623058,2/12/2025 21:49,35,Pending,Recyclable,11394,92635
360,6216,Downtown,-51.134943,44.674073,2/14/2025 13:45,44,Overflow,Organic,11615,96253
361,3390,Midtown,25.446689,-100.607909,2/12/2025 18:41,83,Overflow,General,18561,25991
362,6060,Suburb,-47.242843,-95.957345,1/12/2025 7:48,1,Collected,Recyclable,17801,23732
363,1132,Suburb,-40.866432,-148.575819,1/20/2025 6:28,58,Overflow,Recyclable,9403,60172
364,5306,Uptown,5.829604,78.125226,2/9/2025 17:57,8,Pending,Organic,12602,16798
365,9505,Midtown,-7.662722,82.03678,1/15/2025 9:39,38,Overflow,Organic,10037,1962
366,1125,Industrial Zone,-49.867176,5.238243,2/28/2025 22:16,87,Overflow,General,10427,56266
367,6722,Downtown,-74.56847,-14.408865,1/25/2025 17:04,52,Overflow,Recyclable,3872,41807
368,3021,Industrial Zone,52.242629,178.656969,2/11/2025 9:37,27,Pending,Organic,6099,25652
369,9886,Midtown,64.153998,33.309931,1/17/2025 2:48,48,Overflow,Recyclable,16740,53091
370,1156,Uptown,0.489707,-161.276074,1/31/2025 17:42,61,Overflow,General,19330,55072
371,2546,Suburb,70.794216,-128.925892,1/30/2025 10:36,34,Overflow,Organic,15922,29594
372,7289,Midtown,-59.941382,129.255688,1/11/2025 1:38,23,Collected,Organic,4266,43594
373,4988,Uptown,-76.746463,-118.974062,2/21/2025 20:06,58,Overflow,Organic,14124,15073
374,8083,Downtown,40.826776,32.668518,1/13/2025 22:00,56,Overflow,Organic,16610,64175
375,6070,Industrial Zone,-42.778452,-122.806529,1/20/2025 0:02,89,Overflow,Organic,10673,36999
376,7581,Uptown,-47.658111,73.647366,2/24/2025 12:37,91,Collected,Recyclable,5875,91276
377,4309,Downtown,26.051009,82.587545,2/17/2025 18:36,50,Pending,Organic,10500,2865
378,7753,Downtown,75.046013,-43.18574,1/12/2025 13:29,57,Collected,Organic,569,34364
379,3381,Uptown,-51.997067,-10.646321,1/15/2025 15:53,92,Pending,Recyclable,1203,93485
380,1277,Midtown,-5.098949,106.374392,2/25/2025 23:26,4,Collected,General,15481,25464
381,1099,Suburb,-48.029997,163.484118,2/7/2025 4:53,15,Collected,Organic,15073,53270
382,5525,Industrial Zone,-71.032014,55.739976,1/16/2025 11:06,14,Pending,Organic,19317,84077
383,8967,Downtown,-1.182994,67.491642,2/16/2025 1:23,28,Collected,Recyclable,8254,56390
384,5265,Downtown,-31.408617,-135.291968,1/14/2025 10:11,92,Collected,Recyclable,10458,94247
385,9908,Downtown,-19.038355,67.26295,1/28/2025 21:28,22,Collected,Recyclable,14783,34813
386,3592,Industrial Zone,-28.280807,132.176373,3/1/2025 8:48,41,Collected,Organic,13989,15982
387,3007,Suburb,-63.977046,-0.804948,1/16/2025 4:56,5,Collected,General,19271,24760
388,4771,Industrial Zone,26.082849,132.861022,2/20/2025 15:00,35,Collected,Recyclable,762,11470
389,6014,Downtown,-3.356622,87.885878,1/23/2025 20:38,67,Collected,General,7677,44534
390,6632,Industrial Zone,-70.316627,-103.153081,2/5/2025 7:30,11,Pending,General,11743,29778
391,5511,Suburb,-74.369824,-178.889124,1/30/2025 5:03,66,Collected,Organic,1213,18771
392,1518,Suburb,-29.99307,-108.934616,2/27/2025 8:10,33,Overflow,Recyclable,5556,13254
393,1772,Suburb,39.675984,-137.097705,1/8/2025 13:22,29,Pending,Organic,4515,59556
394,6282,Midtown,-28.348111,-129.241893,1/26/2025 0:34,24,Pending,General,15106,8238
395,1403,Industrial Zone,-85.66083,63.717339,1/29/2025 15:56,7,Pending,Organic,5486,27838
396,5968,Downtown,-48.130261,179.394732,1/13/2025 17:06,31,Collected,Recyclable,11624,99004
397,3904,Suburb,-12.252209,-172.093132,2/17/2025 17:15,97,Overflow,Recyclable,7061,46042
398,4194,Uptown,50.721651,85.148195,1/1/2025 10:51,20,Pending,Recyclable,16907,83897
399,7763,Uptown,-34.840805,-4.402594,1/17/2025 6:50,15,Pending,Organic,19626,11065
400,9444,Industrial Zone,67.124541,-22.739973,1/21/2025 12:19,93,Overflow,General,16337,77553
401,2560,Downtown,-26.110103,133.761672,2/27/2025 9:31,29,Pending,Organic,8547,55236
402,6397,Industrial Zone,-80.431208,-19.542761,2/18/2025 1:37,97,Pending,General,19050,21147
403,8858,Industrial Zone,-1.800038,72.558399,1/30/2025 6:49,96,Collected,General,16773,99987
404,8016,Downtown,1.397406,-75.671332,1/19/2025 0:00,1,Pending,Recyclable,6114,41467
405,1247,Industrial Zone,22.512674,-135.449878,2/28/2025 5:03,80,Collected,Organic,10175,23972
406,7791,Uptown,-34.18532,62.986499,2/9/2025 10:03,29,Overflow,Organic,16302,48358
407,8038,Suburb,22.781114,-44.448004,2/17/2025 11:43,3,Overflow,Organic,6355,41939
408,7670,Suburb,59.221484,60.722496,1/25/2025 11:13,31,Collected,General,11263,51491
409,7961,Industrial Zone,-9.343334,-131.335806,2/23/2025 11:45,68,Pending,General,10753,77834
410,1544,Uptown,83.380059,-141.971247,1/22/2025 18:08,16,Overflow,Recyclable,3277,56209
411,6594,Midtown,-71.31206,-43.201327,2/1/2025 23:16,34,Pending,Organic,3995,71717
412,4910,Suburb,63.221307,-79.91851,1/12/2025 2:40,10,Pending,Recyclable,6650,71975
413,1565,Downtown,11.770259,-106.770977,2/13/2025 19:30,79,Collected,Recyclable,856,62432
414,5132,Suburb,36.662587,-7.082293,2/22/2025 1:37,7,Overflow,Recyclable,3666,80673
415,5027,Downtown,-61.699701,43.080529,2/11/2025 22:49,12,Collected,General,17354,60603
416,2298,Industrial Zone,39.407288,109.365022,1/19/2025 14:50,27,Pending,Recyclable,13526,7285
417,3483,Suburb,-6.66533,-20.100414,1/21/2025 22:01,19,Collected,Organic,18728,76313
418,6392,Suburb,26.058826,168.87016,1/14/2025 21:54,96,Overflow,General,16031,39467
419,4249,Midtown,43.686432,-7.313137,1/20/2025 21:52,18,Pending,General,13101,70893
420,9366,Suburb,-88.65061,-104.377415,2/1/2025 16:16,75,Overflow,General,16580,89713
421,2366,Midtown,-56.591118,6.676441,1/9/2025 23:12,10,Collected,Recyclable,4966,10050
422,3833,Suburb,-62.517855,113.542383,1/23/2025 3:02,74,Collected,General,14291,96617
423,6860,Uptown,-46.629461,-75.646864,3/1/2025 8:54,12,Collected,Recyclable,653,30492
424,3213,Midtown,70.403237,32.525949,2/28/2025 9:25,56,Overflow,General,17567,56611
425,4451,Midtown,89.545761,131.589625,1/2/2025 20:07,29,Pending,Organic,14724,33624
426,7631,Downtown,2.09422,95.318501,1/18/2025 23:37,25,Pending,Recyclable,15221,24674
427,5297,Uptown,60.009057,-35.034446,1/15/2025 15:55,8,Collected,Recyclable,6704,4160
428,6768,Downtown,-14.17468,36.47576,1/1/2025 1:57,49,Overflow,General,2562,63463
429,3425,Suburb,5.869953,-12.405398,1/29/2025 0:02,0,Pending,Organic,10891,56544
430,1092,Downtown,34.16737,-119.209276,2/13/2025 9:40,45,Overflow,General,852,26985
431,1542,Downtown,-89.42533,-135.707853,1/21/2025 0:28,96,Overflow,Organic,18838,46856
432,9580,Suburb,-17.134983,63.975177,2/25/2025 5:45,83,Pending,Recyclable,19327,68410
433,7099,Suburb,62.083045,146.988885,2/2/2025 5:23,41,Overflow,Organic,9522,24675
434,5433,Midtown,16.220198,58.792335,1/12/2025 3:01,70,Collected,Organic,17320,61539
435,3818,Uptown,-43.608725,144.324335,1/15/2025 23:16,85,Pending,General,14872,28618
436,1154,Suburb,-83.0116,-18.550143,2/26/2025 14:46,11,Pending,General,15109,30826
437,9075,Uptown,77.776159,-35.952229,2/13/2025 11:25,32,Collected,Recyclable,9625,24324
438,5978,Downtown,16.245197,33.423304,1/9/2025 19:43,76,Pending,General,6378,64183
439,7023,Suburb,-33.790812,-107.659691,2/12/2025 11:47,16,Pending,General,15438,73279
440,2681,Suburb,-10.351313,-33.184082,2/22/2025 23:30,94,Overflow,Organic,18045,39446
441,3219,Midtown,13.492901,131.106445,1/3/2025 11:46,9,Pending,Organic,2160,4537
442,3808,Industrial Zone,29.946111,-147.57804,1/10/2025 17:40,73,Overflow,Organic,17295,80569
443,9554,Downtown,-71.255387,95.029551,1/4/2025 10:10,86,Overflow,Organic,17885,95313
444,9152,Midtown,-32.373122,-80.546239,1/10/2025 8:43,89,Collected,General,16430,37714
445,5403,Midtown,1.127789,89.94491,1/26/2025 21:32,59,Collected,Organic,14229,23345
446,9272,Suburb,39.743392,30.622094,2/23/2025 5:42,46,Collected,General,17876,48809
447,2477,Uptown,38.549675,-129.694956,2/23/2025 19:14,5,Overflow,Recyclable,2862,44438
448,1158,Midtown,48.241253,21.084178,1/23/2025 11:21,46,Collected,Organic,4619,48372
449,6080,Downtown,29.237815,-32.288494,1/27/2025 17:58,6,Overflow,General,13668,19585
450,2844,Suburb,-49.589841,113.926544,2/4/2025 23:43,76,Pending,Recyclable,5882,4522
451,7828,Industrial Zone,-53.026921,14.137574,1/29/2025 13:05,79,Collected,General,3602,48067
452,4827,Downtown,-75.070333,-41.091372,1/19/2025 21:15,16,Pending,Organic,8581,42812
453,8654,Midtown,-2.017708,161.967768,1/2/2025 16:58,69,Collected,Organic,14654,32512
454,7680,Downtown,81.912491,-51.227484,1/22/2025 1:07,11,Collected,General,15606,46015
455,6085,Suburb,-84.996594,-131.359903,2/21/2025 12:32,13,Collected,General,8475,27419
456,3750,Industrial Zone,-81.362783,145.904875,2/1/2025 4:56,19,Collected,General,6068,28589
457,2178,Uptown,-84.487653,-178.593609,2/15/2025 23:34,1,Collected,Recyclable,2547,52171
458,6381,Suburb,-74.531696,-133.357744,1/27/2025 21:10,35,Collected,General,1002,8888
459,2788,Industrial Zone,26.342418,-25.338295,1/8/2025 9:38,22,Collected,General,18539,36192
460,9838,Industrial Zone,65.450744,71.357612,2/3/2025 13:35,20,Overflow,Organic,3525,14453
461,8824,Suburb,-9.976068,-165.096574,3/1/2025 10:22,80,Collected,Organic,4309,88939
462,8817,Industrial Zone,-8.583584,-73.838451,1/29/2025 14:46,57,Collected,General,17636,66270
463,5006,Suburb,-15.344197,148.009633,2/3/2025 15:20,4,Pending,General,6225,56139
464,1268,Industrial Zone,4.498825,-76.261377,1/24/2025 10:10,2,Overflow,Organic,8429,92504
465,5083,Industrial Zone,43.279757,23.383449,1/19/2025 7:31,0,Collected,Organic,4817,85440
466,6651,Suburb,33.829005,176.495045,1/29/2025 15:37,65,Overflow,Recyclable,5566,51150
467,5862,Suburb,-75.99848,-168.895803,1/16/2025 6:50,26,Overflow,Organic,1416,40685
468,7805,Industrial Zone,61.057106,-135.618755,2/6/2025 8:32,49,Pending,General,1570,69124
469,7626,Downtown,-83.308665,87.747944,2/7/2025 20:59,64,Pending,Recyclable,9677,90954
470,4825,Midtown,18.129126,-110.273214,1/25/2025 20:31,9,Pending,General,4945,1730
471,9277,Midtown,19.621705,124.29305,1/12/2025 19:04,16,Overflow,Organic,15456,23319
472,5785,Midtown,-54.973528,79.625475,1/4/2025 22:39,35,Pending,Organic,4246,11543
473,1277,Downtown,20.526304,121.312428,1/20/2025 4:11,75,Pending,General,14225,73932
474,2992,Uptown,11.729663,-85.478642,2/28/2025 8:10,6,Pending,General,15192,42881
475,4657,Suburb,-27.19691,-163.36418,1/7/2025 15:41,81,Overflow,General,14523,83503
476,2446,Downtown,-27.383148,60.484881,1/14/2025 9:55,25,Pending,General,7852,49374
477,5474,Suburb,6.460182,-127.118337,2/16/2025 7:30,51,Overflow,General,16479,19443
478,7244,Industrial Zone,-30.701055,106.72607,2/20/2025 21:23,98,Overflow,Recyclable,15795,62651
479,2878,Midtown,82.490261,103.238028,1/2/2025 7:47,19,Overflow,Recyclable,16921,12878
480,7098,Downtown,-18.897038,32.237823,1/21/2025 5:35,71,Overflow,General,11996,48633
481,9818,Uptown,12.575534,-15.028163,2/20/2025 0:24,37,Overflow,Recyclable,13033,32563
482,6573,Downtown,65.492695,-33.094796,2/28/2025 19:19,40,Overflow,General,11513,36277
483,6772,Midtown,-43.635183,-152.900966,1/28/2025 22:00,37,Pending,Recyclable,11439,74407
484,1080,Uptown,-76.829426,-164.111597,2/5/2025 1:18,74,Overflow,General,13059,47547
485,7290,Industrial Zone,80.851713,157.359858,1/16/2025 0:00,99,Pending,Recyclable,11868,51877
486,9547,Midtown,-53.401896,-161.272101,2/12/2025 6:13,29,Pending,Organic,13914,96017
487,9321,Uptown,-12.006193,-22.934982,1/27/2025 10:00,91,Collected,General,2922,89556
488,4487,Midtown,-48.198467,-125.988743,1/5/2025 12:57,27,Pending,Organic,2547,58934
489,7702,Suburb,12.88405,-21.743734,2/14/2025 22:53,38,Overflow,General,11985,28877
490,2502,Uptown,0.911254,-172.1391,2/9/2025 13:05,30,Pending,Organic,1118,48659
491,2548,Uptown,-0.294236,37.033093,2/2/2025 9:32,70,Collected,General,12400,58071
492,5716,Downtown,14.699471,-141.018658,2/24/2025 1:43,43,Pending,Recyclable,9762,10346
493,8063,Suburb,-38.817837,-120.539775,2/1/2025 23:55,98,Overflow,General,9907,3222
494,9117,Suburb,-84.510889,-81.149027,1/2/2025 5:40,61,Collected,Organic,19913,56027
495,1425,Uptown,86.476154,-10.982617,1/7/2025 13:17,70,Overflow,Recyclable,14994,42912
496,8095,Suburb,-7.021561,-66.92209,1/5/2025 5:45,26,Overflow,General,1528,77271
497,3424,Industrial Zone,80.751362,-80.596538,1/25/2025 22:01,11,Pending,General,8670,64375
498,5198,Uptown,77.367166,82.726525,2/18/2025 2:37,41,Collected,Recyclable,5691,21407
499,6690,Midtown,-61.2478,-15.580591,2/22/2025 9:46,80,Pending,General,18620,63556
500,7193,Industrial Zone,-39.582989,171.156006,1/27/2025 21:45,22,Collected,Recyclable,3036,67218
501,1887,Industrial Zone,-14.415336,156.839826,1/4/2025 20:29,96,Collected,Organic,19862,50866
502,4438,Suburb,-3.724705,-123.640787,1/12/2025 17:00,59,Overflow,Recyclable,18250,34589
503,2489,Downtown,-60.377765,-72.682218,2/20/2025 0:31,46,Pending,Organic,5718,11697
504,1432,Suburb,-21.149019,139.386887,2/11/2025 17:47,45,Overflow,Recyclable,10315,38671
505,2865,Downtown,-78.327717,35.004297,1/23/2025 19:31,10,Collected,General,1190,62499
506,2536,Uptown,-42.076236,-15.855589,2/11/2025 0:57,95,Pending,Recyclable,15977,62942
507,5077,Industrial Zone,3.937629,-129.940423,1/3/2025 12:21,54,Overflow,Organic,16499,97961
508,4778,Downtown,-37.239008,-177.794572,1/10/2025 3:23,30,Pending,Recyclable,18456,77736
509,2995,Downtown,-59.194239,172.383669,1/9/2025 13:25,34,Collected,General,13901,88041
510,2479,Downtown,-24.233852,142.976424,1/19/2025 18:37,81,Collected,Recyclable,16838,47607
511,2568,Uptown,-15.304361,-179.631794,1/21/2025 16:24,42,Pending,General,1023,53722
512,3904,Suburb,63.242849,67.061678,2/1/2025 11:30,83,Pending,General,6616,34087
513,1454,Uptown,-33.280378,-127.024916,1/15/2025 9:05,59,Overflow,General,8287,39866
514,2254,Suburb,-53.111875,-105.365798,2/7/2025 8:33,89,Collected,Recyclable,18167,77936
515,5356,Midtown,-64.661183,-60.388767,2/10/2025 16:55,9,Collected,Recyclable,11461,89352
516,4894,Uptown,-81.020644,-119.819978,2/28/2025 20:42,78,Collected,General,11376,58753
517,3599,Uptown,81.5187,-1.647389,2/15/2025 5:33,30,Overflow,General,17187,11905
518,8095,Midtown,74.520678,6.407475,1/24/2025 23:20,31,Pending,General,14775,65794
519,1122,Suburb,59.579526,-129.402632,2/20/2025 11:33,75,Collected,Organic,17980,57892
520,7700,Uptown,-82.131117,-162.412606,1/28/2025 8:34,77,Collected,Organic,6821,54998
521,6507,Midtown,20.206296,34.791845,2/3/2025 13:49,14,Pending,Recyclable,19309,6105
522,5675,Downtown,-5.72095,-17.957687,2/12/2025 23:54,31,Collected,General,16837,99637
523,1955,Suburb,21.671895,-83.415408,2/16/2025 21:46,45,Pending,General,16918,64282
524,3945,Downtown,-85.815029,95.13624,1/24/2025 19:25,20,Pending,General,5958,78425
525,5816,Downtown,38.790944,-55.972588,1/21/2025 4:09,50,Pending,Recyclable,9373,7290
526,3712,Uptown,-41.047846,-73.190778,1/28/2025 13:48,94,Collected,General,3677,20642
527,4264,Midtown,-27.049158,82.870877,1/12/2025 4:02,96,Overflow,Recyclable,15109,23164
528,3333,Downtown,46.471064,8.542147,2/24/2025 12:53,84,Overflow,Recyclable,16634,84158
529,7451,Suburb,-85.955075,163.599125,2/3/2025 4:53,57,Pending,Recyclable,16342,76434
530,5192,Suburb,-1.433811,-149.592381,1/15/2025 14:01,79,Collected,General,9552,59824
531,9856,Suburb,-84.558233,82.213393,1/30/2025 19:51,50,Collected,General,19841,68432
532,7570,Industrial Zone,30.93181,98.410396,1/14/2025 1:02,81,Pending,General,19265,22056
533,5134,Uptown,-78.049714,-86.792445,2/14/2025 2:06,93,Pending,Organic,7351,33868
534,4550,Downtown,9.172722,118.04847,1/20/2025 12:55,12,Pending,General,14141,92424
535,5729,Downtown,68.670233,67.806393,1/26/2025 3:19,85,Collected,Organic,4171,83513
536,9639,Suburb,-25.967393,146.024623,1/21/2025 14:31,55,Pending,General,3382,12171
537,8359,Downtown,-13.909033,148.46654,1/7/2025 13:38,97,Pending,General,4921,84421
538,4352,Downtown,-53.752508,11.088374,2/24/2025 9:16,32,Pending,Organic,18260,87047
539,7841,Industrial Zone,10.595452,-89.559387,2/10/2025 7:14,36,Collected,General,16258,48800
540,2990,Midtown,56.125376,-144.785148,1/15/2025 10:49,89,Pending,General,19481,74789
541,7151,Downtown,-83.114315,14.919814,1/4/2025 20:14,88,Collected,Organic,14129,93094
542,9645,Downtown,-37.289565,-90.061125,3/1/2025 8:53,31,Collected,Organic,4857,13000
543,4684,Industrial Zone,66.974565,127.366799,2/13/2025 9:50,86,Overflow,Recyclable,14542,67982
544,2422,Uptown,-27.505613,-75.861787,1/14/2025 10:09,45,Overflow,General,10049,28183
545,9277,Downtown,58.596001,-64.509545,2/4/2025 14:30,72,Overflow,Recyclable,9581,74036
546,2004,Uptown,-31.23287,-78.929288,1/30/2025 1:08,74,Collected,General,16659,94045
547,1650,Suburb,-59.206387,111.79326,1/26/2025 16:22,35,Pending,Organic,19081,21912
548,1340,Midtown,-51.80241,-76.468431,2/7/2025 7:42,14,Collected,Recyclable,3067,53984
549,7563,Uptown,77.069671,54.533919,2/4/2025 5:22,26,Collected,Recyclable,19860,85788
550,2063,Downtown,-64.798739,-112.396441,2/15/2025 7:22,95,Collected,General,8093,25808
551,8719,Midtown,-25.226131,-106.024018,1/23/2025 18:29,73,Pending,General,17129,16994
552,4790,Downtown,77.83547,20.872404,3/1/2025 10:52,72,Overflow,Recyclable,15540,40783
553,8988,Downtown,-45.178696,-105.162931,1/15/2025 13:50,50,Pending,Organic,7849,3554
554,1644,Industrial Zone,61.6278,72.349021,1/18/2025 18:46,49,Pending,Organic,5324,1738
555,1832,Uptown,25.261459,-165.705431,1/22/2025 23:04,7,Overflow,Recyclable,3232,37152
556,8875,Suburb,-13.818441,-40.78317,1/29/2025 17:40,54,Pending,Recyclable,9221,62542
557,7353,Suburb,59.317852,16.58741,1/26/2025 12:27,57,Overflow,Recyclable,15162,67663
558,2163,Downtown,-10.918713,-25.880748,1/18/2025 12:27,30,Collected,Recyclable,18970,18075
559,6952,Downtown,-75.153052,-174.550721,1/2/2025 0:17,94,Pending,Organic,13408,40018
560,8792,Industrial Zone,89.880479,37.902162,1/24/2025 3:44,26,Collected,Organic,1674,43274
561,4029,Midtown,-8.617469,157.429823,1/9/2025 6:48,23,Overflow,Organic,1361,75581
562,6701,Suburb,-41.070001,-167.265481,1/14/2025 12:50,22,Pending,General,17488,38259
563,2813,Suburb,3.97898,-162.921267,1/14/2025 9:06,2,Collected,General,568,72250
564,8905,Industrial Zone,-40.150238,-128.614317,1/3/2025 1:08,32,Pending,General,17585,44306
565,7534,Uptown,59.943225,-55.481319,3/1/2025 11:38,9,Pending,Organic,2626,98691
566,8302,Midtown,11.385932,-148.774626,1/12/2025 7:35,9,Overflow,General,18096,73102
567,6226,Suburb,72.379559,15.11142,1/30/2025 21:34,97,Overflow,Recyclable,9959,83899
568,3768,Downtown,-19.534344,158.287396,1/22/2025 15:53,100,Overflow,Organic,14512,1154
569,7921,Midtown,-69.844044,167.334357,2/6/2025 21:11,44,Pending,Recyclable,15750,77464
570,2875,Uptown,50.872989,104.27101,2/21/2025 6:30,57,Pending,General,11813,34703
571,2380,Midtown,1.164529,-116.591169,1/29/2025 23:40,91,Collected,Recyclable,6961,75217
572,7002,Downtown,82.429533,-37.059643,1/18/2025 4:08,85,Collected,Organic,13057,34902
573,5370,Uptown,84.941684,-22.460216,2/18/2025 16:53,11,Overflow,Recyclable,6280,75907
574,6115,Industrial Zone,-69.708928,119.859011,2/8/2025 10:52,37,Pending,Recyclable,6174,73151
575,5207,Uptown,17.413307,-14.849676,1/2/2025 13:34,40,Overflow,General,4489,5705
576,9488,Suburb,-30.786589,177.63417,2/23/2025 23:35,85,Pending,Recyclable,16325,54982
577,6134,Industrial Zone,-17.236386,-22.864397,1/12/2025 4:11,62,Collected,General,6237,63574
578,6458,Industrial Zone,-9.667447,19.753693,1/16/2025 5:10,65,Collected,Organic,640,31084
579,6200,Uptown,-30.181962,-85.973476,1/14/2025 2:43,17,Overflow,General,4039,49240
580,2243,Uptown,43.554536,-61.643614,1/6/2025 15:25,66,Overflow,General,17788,50212
581,8226,Downtown,26.583006,124.593118,1/17/2025 5:10,18,Collected,Organic,11342,73188
582,6665,Downtown,-49.544126,-32.228464,1/26/2025 18:55,10,Collected,Organic,5420,1916
583,5637,Industrial Zone,-13.7681,-9.118608,2/18/2025 17:22,35,Pending,General,19225,2400
584,7620,Downtown,-18.566545,-83.925922,1/12/2025 17:16,70,Overflow,General,6543,19259
585,8817,Uptown,35.417756,-72.784675,1/14/2025 2:13,28,Pending,Organic,3061,96327
586,1077,Midtown,-77.176549,127.022466,1/26/2025 20:27,93,Collected,Recyclable,16859,8074
587,6638,Downtown,9.311522,-145.658804,1/19/2025 12:23,9,Overflow,General,2400,35735
588,5543,Industrial Zone,69.982568,141.354837,2/7/2025 3:44,42,Collected,Organic,5574,18981
589,2715,Industrial Zone,-76.658677,-69.270725,2/9/2025 21:27,65,Collected,Organic,8943,98391
590,9143,Suburb,-28.428163,-104.573996,1/8/2025 14:08,52,Pending,Organic,19834,54767
591,7685,Downtown,-39.783399,78.84294,2/14/2025 17:23,26,Pending,Recyclable,17394,60949
592,1126,Midtown,-89.412461,107.469957,1/15/2025 1:45,50,Pending,Organic,2288,62637
593,6387,Midtown,-16.39134,-8.557619,1/31/2025 5:33,0,Collected,Organic,12270,7517
594,9309,Midtown,-4.818128,-72.045909,1/2/2025 17:57,84,Collected,General,6046,29589
595,8203,Suburb,28.006865,-34.028192,1/30/2025 16:25,93,Pending,General,6249,49363
596,8772,Suburb,48.613307,-95.843507,1/23/2025 13:13,92,Overflow,Organic,9079,76587
597,8984,Uptown,-26.449476,-157.774901,2/8/2025 1:46,98,Collected,Recyclable,10715,11260
598,3097,Downtown,-73.6383,-27.985589,2/9/2025 2:37,81,Pending,Organic,3516,10655
599,3880,Industrial Zone,-39.062339,-172.692673,2/15/2025 18:50,40,Pending,Organic,17997,36324
600,6590,Uptown,-84.819353,-132.890933,1/4/2025 5:51,94,Collected,Organic,18883,45078
601,7971,Industrial Zone,13.228689,-157.44105,2/1/2025 5:54,95,Collected,Recyclable,14769,12800
602,8468,Downtown,20.972436,-104.015903,1/30/2025 8:57,25,Overflow,General,1726,76580
603,3301,Downtown,29.578879,-131.036645,2/21/2025 16:27,45,Pending,Recyclable,13548,73231
604,2461,Midtown,77.548965,56.849942,1/11/2025 19:03,89,Collected,General,4701,15317
605,4767,Suburb,-4.221326,-83.859709,2/6/2025 3:06,17,Overflow,General,19316,41978
606,3292,Uptown,0.129843,177.752155,2/5/2025 2:02,40,Collected,Organic,2208,88638
607,5272,Uptown,-69.496202,149.003137,1/21/2025 8:18,86,Collected,Recyclable,5593,48567
608,1480,Industrial Zone,33.300679,-22.267367,2/26/2025 19:29,73,Pending,General,14427,18663
609,4844,Suburb,11.288064,134.951465,1/20/2025 1:37,88,Pending,General,10911,24641
610,8476,Downtown,20.54574,-159.046564,2/8/2025 21:37,47,Pending,General,18733,40918
611,4309,Industrial Zone,-24.215789,-156.587587,2/15/2025 19:06,51,Overflow,General,8871,63294
612,7006,Midtown,7.739439,-108.811032,1/26/2025 5:11,58,Overflow,Organic,12791,87424
613,2048,Uptown,3.213482,-131.372031,1/14/2025 19:55,11,Pending,Recyclable,14329,58644
614,8303,Industrial Zone,35.692781,-61.763996,1/30/2025 15:08,100,Overflow,Organic,3663,31145
615,8201,Downtown,-76.915606,16.152998,1/8/2025 16:07,35,Collected,Organic,17202,14397
616,4157,Midtown,11.358474,-77.075228,1/19/2025 7:51,7,Overflow,General,1033,57722
617,2751,Industrial Zone,79.080366,-175.598203,1/12/2025 5:55,25,Overflow,Recyclable,19110,80903
618,6570,Uptown,-20.46064,154.034557,2/26/2025 18:16,65,Overflow,Recyclable,9768,82074
619,6503,Downtown,-51.592668,-177.022621,1/5/2025 17:25,73,Pending,Recyclable,9564,1235
620,3923,Midtown,3.247666,158.802436,1/24/2025 3:55,63,Collected,Organic,6162,25759
621,5882,Midtown,-19.899816,104.377356,1/9/2025 1:58,36,Overflow,General,7777,56814
622,9358,Uptown,85.298459,115.629223,2/21/2025 12:18,85,Pending,Organic,1192,62071
623,6399,Midtown,7.120011,-27.507337,2/18/2025 21:59,44,Collected,Organic,13210,28142
624,4704,Suburb,13.064395,-40.528446,1/23/2025 2:11,7,Collected,Organic,9135,92408
625,7233,Downtown,-21.604474,40.73622,1/27/2025 7:50,42,Pending,Organic,13084,94647
626,2680,Uptown,-28.188002,87.446455,1/5/2025 16:18,35,Overflow,Recyclable,6587,12938
627,8369,Midtown,-88.791238,-171.35329,2/25/2025 22:08,50,Overflow,General,1400,72227
628,1624,Downtown,71.928705,-93.281637,2/7/2025 5:29,8,Overflow,Organic,19395,81168
629,9442,Industrial Zone,54.103919,-19.894065,1/19/2025 13:40,67,Pending,Recyclable,18787,84651
630,6721,Suburb,-66.77956,76.971538,1/31/2025 15:46,12,Overflow,Recyclable,10070,17526
631,8421,Downtown,57.900674,-100.874375,2/1/2025 11:37,91,Overflow,Recyclable,5310,12447
632,3881,Suburb,34.004063,-17.3227,2/7/2025 11:01,26,Collected,General,9589,48011
633,5097,Suburb,29.615349,-53.608984,1/11/2025 11:15,9,Pending,Recyclable,17970,97455
634,5204,Uptown,-16.558531,-76.152226,2/5/2025 0:28,67,Overflow,General,17639,95372
635,5327,Industrial Zone,-84.168248,-7.906081,2/6/2025 6:18,31,Pending,General,5810,2329
636,5265,Midtown,-17.73651,116.956135,1/2/2025 5:19,13,Pending,Organic,7411,43938
637,1037,Suburb,-74.440417,-152.332155,1/7/2025 2:52,94,Pending,Recyclable,2790,9880
638,7005,Uptown,-69.486526,118.041949,2/19/2025 4:07,36,Pending,Organic,16898,74899
639,7153,Midtown,-53.222877,-91.709153,1/16/2025 15:40,77,Overflow,Organic,5316,5449
640,4508,Industrial Zone,-48.45507,104.671816,1/31/2025 12:19,90,Pending,Organic,19082,57078
641,1773,Industrial Zone,30.791282,-40.703627,2/10/2025 18:12,17,Overflow,Organic,6823,86595
642,5299,Downtown,-70.11881,-6.325682,2/23/2025 1:58,5,Collected,Organic,15674,6828
643,7832,Downtown,17.430523,-126.288293,2/12/2025 4:09,40,Overflow,General,14137,12883
644,9843,Midtown,53.630145,95.173042,1/15/2025 22:02,36,Collected,Recyclable,17925,88050
645,5785,Industrial Zone,-37.192106,-63.732579,1/13/2025 9:13,5,Collected,Organic,11754,30808
646,6690,Industrial Zone,-42.498631,-111.0748,2/3/2025 5:42,36,Collected,Organic,17175,91151
647,4644,Downtown,-46.000425,16.007635,2/4/2025 20:57,15,Pending,Organic,4727,83351
648,1951,Industrial Zone,67.622246,14.251332,1/11/2025 11:51,47,Pending,Recyclable,8100,88980
649,1082,Downtown,-69.452223,178.859431,2/10/2025 20:57,9,Collected,Organic,17762,66429
650,9313,Suburb,10.485369,96.181688,3/1/2025 20:45,27,Collected,General,16690,2703
651,2625,Downtown,-70.455251,134.436461,2/28/2025 22:10,42,Pending,Organic,12972,57790
652,5390,Downtown,-70.030689,65.612667,1/19/2025 7:53,86,Overflow,General,11606,83830
653,1704,Midtown,-49.697785,93.354075,1/19/2025 7:28,75,Overflow,General,12794,66019
654,4887,Industrial Zone,66.691541,-51.957696,2/27/2025 19:17,32,Collected,Organic,975,34948
655,6840,Uptown,-10.178448,-176.872295,2/12/2025 5:28,14,Overflow,Organic,6474,37901
656,6930,Suburb,26.537722,-74.214501,1/6/2025 5:09,67,Overflow,Recyclable,8301,31468
657,1935,Suburb,-69.11995,-109.984351,2/5/2025 17:44,61,Overflow,Organic,6155,32807
658,9101,Downtown,-31.760488,-26.070312,2/28/2025 15:17,92,Pending,Recyclable,18981,36524
659,3578,Uptown,39.15338,-161.675571,1/17/2025 6:45,29,Overflow,Recyclable,15885,47074
660,7718,Industrial Zone,65.687218,-14.754783,1/28/2025 8:13,35,Pending,Organic,1021,77591
661,4809,Downtown,78.56599,92.313471,2/10/2025 13:57,35,Overflow,Organic,12704,22069
662,7813,Midtown,-80.86005,-163.761429,2/21/2025 20:11,86,Collected,Organic,6805,21028
663,1378,Midtown,-77.876658,-110.60595,1/29/2025 18:45,79,Pending,General,2342,43916
664,8750,Uptown,58.894973,-73.044155,2/16/2025 23:12,61,Overflow,General,15150,17674
665,8992,Downtown,45.44156,-121.017983,1/4/2025 17:29,77,Pending,General,18567,69983
666,1227,Uptown,-76.042012,170.517448,2/7/2025 14:38,91,Collected,Recyclable,13763,60907
667,4067,Suburb,-4.64545,-175.140637,2/2/2025 4:35,51,Overflow,General,19378,83529
668,4570,Uptown,68.530192,45.268414,1/9/2025 0:47,12,Pending,Recyclable,7675,64185
669,1982,Midtown,-55.951107,12.253309,1/22/2025 2:14,18,Pending,General,3575,81202
670,3343,Industrial Zone,15.192032,-63.287841,2/11/2025 23:13,32,Collected,Organic,5308,98925
671,9376,Uptown,57.455007,66.641155,2/5/2025 11:24,33,Collected,Organic,1337,38089
672,3309,Suburb,17.232222,-27.896129,2/11/2025 20:54,3,Collected,General,3097,52910
673,5644,Midtown,68.685901,18.047396,2/2/2025 16:17,47,Pending,Recyclable,2628,80892
674,8947,Suburb,-77.294321,85.710889,1/26/2025 20:41,80,Pending,Recyclable,12767,45284
675,8290,Suburb,-50.566423,-56.847032,1/13/2025 6:31,44,Collected,General,10115,13766
676,7508,Industrial Zone,-20.057765,-119.382293,2/12/2025 22:55,29,Pending,Recyclable,12125,78478
677,1453,Industrial Zone,58.49902,-68.934957,2/8/2025 5:29,75,Collected,General,10061,7112
678,8663,Industrial Zone,-86.321539,130.122344,2/18/2025 21:32,16,Pending,Recyclable,16721,90210
679,2879,Midtown,6.175765,-126.063481,1/24/2025 5:43,86,Pending,General,14070,36603
680,2601,Industrial Zone,-65.001096,-90.81526,1/20/2025 11:41,66,Overflow,Organic,5445,82417
681,3476,Suburb,60.946971,164.898144,2/20/2025 2:58,91,Pending,Organic,10749,60866
682,1722,Uptown,7.481014,-170.451586,3/1/2025 3:03,37,Overflow,General,6990,88097
683,4663,Industrial Zone,40.180942,123.707547,2/14/2025 1:37,82,Overflow,Recyclable,10354,64908
684,1722,Industrial Zone,-24.563716,5.314818,1/20/2025 19:39,15,Overflow,General,7106,9740
685,3339,Midtown,8.486266,151.57989,2/7/2025 10:52,76,Pending,Organic,14927,98998
686,5296,Midtown,3.515421,144.367374,2/11/2025 13:41,33,Overflow,Recyclable,4624,25453
687,9327,Uptown,43.140889,112.749589,3/1/2025 7:32,31,Pending,Recyclable,10641,79619
688,3963,Midtown,76.783539,98.020225,2/6/2025 10:55,10,Pending,Recyclable,18242,73845
689,5141,Industrial Zone,-57.356949,-21.213319,2/9/2025 5:43,26,Pending,Recyclable,16380,17931
690,8501,Uptown,11.550432,115.823778,2/2/2025 22:52,82,Collected,Organic,11676,75448
691,2373,Industrial Zone,-24.629914,-5.143802,2/3/2025 15:05,96,Pending,General,5217,77231
692,7247,Industrial Zone,37.930593,-168.578481,2/8/2025 7:42,98,Collected,General,13963,50762
693,5303,Downtown,57.941183,72.343956,1/15/2025 13:12,20,Collected,General,10684,77330
694,7688,Downtown,-48.258028,103.968809,1/25/2025 11:02,42,Pending,Organic,19783,81058
695,2495,Midtown,-39.918202,-68.668648,2/6/2025 14:45,87,Pending,Recyclable,13080,46858
696,3282,Industrial Zone,5.951405,-65.841974,2/7/2025 15:46,25,Overflow,Organic,10603,13270
697,9406,Downtown,26.685739,86.647581,2/13/2025 22:32,41,Collected,Recyclable,6594,27558
698,2640,Midtown,21.548203,16.950855,2/21/2025 2:12,85,Overflow,Recyclable,1043,12682
699,3182,Downtown,-14.023738,-96.723621,1/16/2025 2:49,1,Overflow,Organic,10258,15113
700,8703,Midtown,34.064741,-113.214315,1/10/2025 23:49,25,Pending,General,5602,17001
701,9091,Downtown,6.815419,-22.068604,2/23/2025 2:30,80,Collected,Organic,8656,42569
702,8966,Industrial Zone,-43.151783,-114.301384,1/4/2025 23:10,45,Pending,Recyclable,2286,64355
703,3205,Industrial Zone,66.972104,-9.317383,1/15/2025 12:44,31,Overflow,Organic,5984,23438
704,3408,Industrial Zone,10.648149,-41.762706,1/28/2025 15:22,61,Overflow,Recyclable,8394,50829
705,1409,Downtown,-22.05448,169.510675,1/12/2025 16:36,100,Overflow,Organic,6904,86423
706,2462,Industrial Zone,-52.577187,117.789734,1/23/2025 4:32,19,Pending,Recyclable,3117,54436
707,4084,Uptown,26.262613,-60.132184,2/17/2025 8:12,68,Pending,General,4846,63786
708,7873,Uptown,-80.74365,96.638952,1/2/2025 3:11,39,Pending,Recyclable,13886,62823
709,5192,Downtown,-46.040114,32.387472,2/12/2025 7:51,56,Pending,Recyclable,10682,74028
710,1137,Uptown,2.643166,-126.630277,1/17/2025 13:43,54,Pending,Organic,13478,64230
711,5020,Midtown,-50.156406,-128.755767,1/5/2025 16:10,47,Collected,Recyclable,19437,4315
712,2840,Industrial Zone,33.740398,-157.725487,1/26/2025 9:46,11,Collected,General,15664,21184
713,3156,Downtown,-73.717992,121.628891,1/4/2025 4:43,19,Collected,General,4991,1053
714,1270,Industrial Zone,42.029779,91.810507,1/9/2025 1:46,94,Collected,General,18687,89395
715,1091,Suburb,-79.212921,174.341199,2/14/2025 17:52,1,Pending,Recyclable,8514,21955
716,5363,Midtown,25.906932,79.918402,1/17/2025 15:38,31,Collected,General,12577,10811
717,1746,Downtown,3.01029,121.017241,2/19/2025 8:32,8,Collected,Recyclable,6987,51786
718,1794,Industrial Zone,-67.224002,35.948935,1/19/2025 6:23,8,Collected,General,1333,86581
719,6216,Uptown,21.251898,-99.651541,2/28/2025 13:29,68,Pending,Organic,9493,57622
720,8030,Midtown,51.751121,-18.247332,2/22/2025 15:23,61,Collected,Organic,14698,23035
721,6714,Uptown,-70.474495,161.789536,2/27/2025 20:28,73,Overflow,Recyclable,17687,73648
722,3290,Suburb,-75.363649,-122.072139,1/29/2025 20:16,41,Collected,Recyclable,18741,93563
723,7567,Downtown,-16.65787,80.377292,2/12/2025 12:31,14,Pending,Recyclable,15413,46579
724,1508,Midtown,14.701173,29.923407,2/1/2025 14:17,74,Pending,Recyclable,9219,6440
725,8777,Industrial Zone,24.812578,-67.719726,1/11/2025 21:16,84,Overflow,Recyclable,3803,38651
726,4499,Midtown,0.542499,171.741654,2/20/2025 22:38,96,Collected,Organic,16742,82194
727,4166,Midtown,-33.675522,-12.76451,1/21/2025 21:24,27,Collected,Recyclable,2758,1390
728,9454,Uptown,-41.976782,-119.368674,2/22/2025 5:44,41,Pending,Recyclable,7685,68274
729,3960,Industrial Zone,-51.966329,100.531158,2/18/2025 4:51,10,Pending,Recyclable,10356,60507
730,7559,Suburb,51.523303,-167.581071,1/6/2025 11:59,60,Pending,Organic,13520,47663
731,2786,Industrial Zone,-79.472874,-11.624473,1/24/2025 10:23,94,Pending,Recyclable,19440,74284
732,9665,Uptown,58.96771,-82.000689,1/11/2025 3:14,48,Pending,Organic,19779,80862
733,4629,Uptown,-83.852726,-68.847588,1/16/2025 13:51,32,Overflow,General,16080,9303
734,3465,Downtown,-53.080192,39.234657,1/5/2025 2:20,68,Collected,Recyclable,4653,35648
735,7286,Industrial Zone,-77.858836,-2.41885,2/9/2025 4:47,81,Collected,Recyclable,18282,64435
736,9678,Midtown,-14.775666,102.896079,1/28/2025 19:15,96,Collected,Organic,15886,8925
737,7310,Downtown,-18.816554,24.271678,1/30/2025 7:24,72,Pending,Recyclable,7259,63798
738,2112,Uptown,-49.618363,-50.158986,1/16/2025 10:53,96,Pending,General,10831,25526
739,9803,Industrial Zone,51.221286,27.126924,2/22/2025 13:24,78,Collected,Organic,8211,19573
740,6869,Industrial Zone,-74.891454,-72.513591,1/30/2025 4:04,12,Pending,Organic,17171,86999
741,7442,Uptown,51.262316,-45.136802,1/22/2025 21:03,30,Overflow,Organic,10903,93451
742,3646,Uptown,-19.190222,-42.091227,2/18/2025 12:51,59,Pending,Organic,18148,68063
743,3534,Suburb,-31.530525,-165.832332,1/15/2025 4:39,73,Pending,Recyclable,584,77374
744,1669,Downtown,-49.471393,-163.974331,1/1/2025 2:39,34,Overflow,General,10774,77584
745,8186,Midtown,-23.711199,-45.168827,2/10/2025 18:31,99,Pending,General,8836,76932
746,9943,Uptown,-81.242417,-32.510538,3/1/2025 1:57,6,Overflow,General,17448,70551
747,9328,Midtown,-49.653045,-21.683878,2/23/2025 19:37,92,Pending,Recyclable,3460,4368
748,5157,Midtown,-14.919033,-85.650827,1/6/2025 7:19,89,Overflow,Organic,6881,57055
749,9855,Midtown,-30.947811,-51.426291,2/8/2025 15:41,10,Pending,Recyclable,18541,25538
750,5580,Suburb,-28.103853,-24.083001,2/20/2025 19:45,11,Overflow,Recyclable,2544,66453
751,6845,Midtown,77.72188,164.900664,1/28/2025 15:25,76,Pending,Organic,8655,27106
752,6797,Suburb,-75.592624,118.774014,2/22/2025 5:59,50,Collected,Recyclable,16778,64173
753,4636,Downtown,-55.950562,-86.573782,1/27/2025 14:49,10,Collected,Recyclable,13539,90744
754,1049,Uptown,-61.009444,160.33758,2/18/2025 1:50,41,Overflow,General,5336,4207
755,3463,Uptown,-86.803065,150.114901,1/18/2025 2:38,93,Overflow,General,2633,35732
756,7190,Midtown,18.913268,-5.051235,2/3/2025 14:05,91,Pending,Recyclable,9003,85893
757,7402,Midtown,-85.293727,105.192507,2/28/2025 12:25,27,Pending,Organic,917,75496
758,4673,Midtown,-45.010842,149.327233,1/23/2025 12:09,24,Overflow,Recyclable,13177,64372
759,5184,Downtown,-58.487521,-78.82864,1/12/2025 9:21,55,Collected,Organic,17586,9974
760,1230,Downtown,-33.884109,-60.616531,1/20/2025 2:38,26,Overflow,Organic,3990,19198
761,4659,Midtown,76.625573,-122.683675,1/18/2025 0:41,43,Pending,Recyclable,1239,98239
762,1913,Suburb,75.277121,-94.191273,1/15/2025 8:10,91,Pending,Organic,13347,10809
763,4019,Uptown,68.773582,90.143705,2/1/2025 15:18,57,Collected,Organic,16148,30247
764,2883,Midtown,-89.350677,112.489845,1/4/2025 12:06,39,Overflow,Recyclable,15112,97906
765,6472,Uptown,56.571317,-61.3622,2/5/2025 7:07,85,Pending,General,8468,61234
766,3830,Downtown,23.395177,147.259157,2/13/2025 5:33,5,Collected,General,2028,16093
767,9550,Industrial Zone,52.632308,-175.147898,2/8/2025 11:26,38,Pending,General,16534,28175
768,4650,Industrial Zone,2.404922,139.265789,2/26/2025 17:53,17,Collected,Organic,2138,40075
769,7720,Uptown,-76.902493,102.598813,1/13/2025 20:35,62,Pending,Organic,7834,35791
770,1593,Uptown,13.526753,94.444119,2/14/2025 11:10,81,Pending,Organic,16110,17113
771,2321,Downtown,49.035339,-25.935868,1/10/2025 14:14,62,Overflow,Organic,15086,25154
772,1643,Industrial Zone,16.867185,-146.954468,2/5/2025 15:00,15,Collected,Organic,18480,95813
773,8615,Downtown,-31.504201,-60.391927,1/10/2025 4:47,94,Collected,Organic,10550,9887
774,9700,Midtown,-57.3202,58.261132,1/26/2025 4:51,87,Pending,Organic,1590,21514
775,8283,Uptown,30.053252,17.765953,1/2/2025 14:19,46,Overflow,Recyclable,17472,93098
776,1790,Downtown,76.881214,34.869114,1/26/2025 20:27,27,Pending,Organic,19511,40785
777,9807,Downtown,73.059452,52.910936,1/22/2025 20:36,57,Pending,Organic,729,78602
778,5125,Uptown,56.219391,76.246581,1/8/2025 3:04,49,Pending,Organic,15155,51333
779,5325,Suburb,42.452526,123.325917,1/15/2025 4:39,34,Overflow,General,14587,10373
780,3600,Uptown,-84.81751,142.341997,1/20/2025 16:52,27,Collected,General,19816,88407
781,2337,Midtown,-88.6867,-98.664257,1/11/2025 3:33,5,Collected,General,5718,72660
782,5171,Suburb,-11.141869,61.152285,1/7/2025 21:57,22,Collected,Recyclable,18493,18511
783,3054,Uptown,63.415108,-176.820627,2/4/2025 3:51,100,Overflow,Organic,16625,79849
784,5917,Midtown,6.145424,150.05034,1/23/2025 10:51,49,Pending,General,10920,12011
785,7996,Midtown,-33.208927,46.912921,1/19/2025 2:41,70,Pending,Recyclable,12349,46790
786,7743,Downtown,41.578067,96.982591,1/30/2025 9:34,83,Overflow,General,16380,75868
787,7029,Industrial Zone,-78.219158,161.965267,1/25/2025 21:39,73,Collected,Recyclable,18986,53879
788,3454,Uptown,-65.894857,-160.196459,1/5/2025 8:37,4,Pending,Recyclable,11913,84772
789,4170,Uptown,-41.830705,-65.159753,1/14/2025 14:28,22,Pending,Recyclable,5708,94759
790,4051,Downtown,-33.003826,-30.124076,1/11/2025 1:10,94,Collected,Organic,5175,47399
791,4336,Midtown,-31.170276,160.97177,1/5/2025 16:31,90,Overflow,Recyclable,1354,21720
792,5181,Downtown,-87.091949,-27.092714,1/5/2025 17:05,63,Overflow,Organic,19269,35022
793,8149,Suburb,-24.370936,155.841112,2/4/2025 11:28,37,Pending,Organic,18851,11318
794,6825,Suburb,72.114204,139.180769,2/16/2025 20:00,1,Collected,Organic,11466,1852
795,1685,Industrial Zone,38.96855,78.467621,2/19/2025 12:49,23,Pending,General,11386,97039
796,6780,Uptown,-19.818303,-17.857272,2/28/2025 3:48,66,Overflow,Organic,11129,85039
797,9464,Uptown,-23.795362,128.738393,1/31/2025 18:56,80,Overflow,Recyclable,10326,25555
798,2253,Industrial Zone,-88.742632,-121.049919,2/3/2025 23:26,4,Pending,Recyclable,16848,39722
799,9194,Downtown,-76.151626,-12.243807,2/27/2025 5:10,84,Pending,Organic,15417,85162
800,4256,Downtown,-18.236309,111.92978,1/4/2025 16:31,94,Overflow,Organic,19303,47077
801,9636,Industrial Zone,69.747235,-45.291223,2/8/2025 12:56,43,Overflow,General,5843,92263
802,1687,Suburb,31.475033,-171.219164,2/21/2025 19:22,96,Overflow,Recyclable,869,52453
803,4500,Midtown,15.901104,177.47992,1/1/2025 3:25,17,Collected,Organic,10610,72551
804,2134,Midtown,43.062936,-166.1148,2/11/2025 3:24,6,Pending,General,1524,19021
805,4172,Industrial Zone,82.897604,73.168812,2/28/2025 20:45,18,Collected,Organic,18764,48455
806,4629,Uptown,-77.756267,-38.609881,2/1/2025 0:48,11,Overflow,General,14095,4576
807,1878,Midtown,56.85458,9.134244,1/4/2025 6:03,75,Collected,Organic,14181,5222
808,2202,Midtown,-81.511385,-35.370437,1/22/2025 10:15,60,Overflow,General,15748,27602
809,2187,Uptown,-85.980435,-58.339427,1/12/2025 2:11,88,Overflow,Organic,806,60840
810,7469,Midtown,86.631698,-131.490571,1/2/2025 12:23,78,Overflow,Organic,13640,10447
811,7858,Suburb,-6.321799,-140.866675,1/20/2025 18:08,55,Pending,General,11200,61166
812,6890,Downtown,27.424284,-146.747194,1/7/2025 21:03,46,Pending,Recyclable,19111,89943
813,4516,Industrial Zone,25.345582,21.584287,1/1/2025 9:41,80,Overflow,Recyclable,1354,61877
814,5932,Suburb,-87.988603,-84.80062,1/14/2025 6:17,100,Pending,General,5092,49505
815,1150,Uptown,-53.73883,122.064137,1/8/2025 9:21,55,Collected,Recyclable,10201,9939
816,9074,Uptown,41.680671,-171.338765,1/15/2025 21:33,13,Collected,Recyclable,2557,6176
817,6323,Uptown,-64.895847,-55.441514,1/28/2025 2:23,26,Pending,General,852,90889
818,3524,Downtown,64.083438,51.256414,2/5/2025 11:51,89,Pending,Organic,2430,96465
819,3406,Suburb,62.042286,-91.721166,1/5/2025 4:26,60,Pending,General,18558,28713
820,3003,Downtown,8.495701,152.74554,2/11/2025 17:35,29,Pending,Organic,3458,57004
821,3747,Industrial Zone,46.099614,25.258889,2/21/2025 22:12,91,Overflow,Recyclable,11142,90875
822,8367,Industrial Zone,-69.744326,108.388275,2/1/2025 8:05,19,Overflow,Organic,14310,60958
823,7617,Industrial Zone,71.192841,-158.07484,1/29/2025 20:48,38,Collected,General,13723,55346
824,3291,Suburb,-77.051275,-138.868149,2/26/2025 3:08,18,Overflow,Recyclable,11220,24295
825,3320,Suburb,-38.275837,30.623853,1/1/2025 17:52,6,Collected,Organic,4609,27560
826,2513,Industrial Zone,83.716103,37.917646,2/18/2025 2:08,52,Overflow,Organic,2641,51873
827,4417,Uptown,-58.116154,108.409152,1/7/2025 19:01,26,Pending,Organic,3390,32807
828,7151,Suburb,17.961004,-146.820309,2/17/2025 13:55,63,Collected,General,12663,6483
829,4743,Industrial Zone,-66.677286,175.595026,2/20/2025 4:22,41,Overflow,Organic,4270,57975
830,5689,Midtown,37.753318,-141.98486,2/3/2025 13:25,78,Overflow,Organic,2659,27776
831,1588,Downtown,-10.358654,37.483136,1/28/2025 5:33,35,Collected,Organic,3259,96835
832,7307,Midtown,48.255028,-165.60714,1/17/2025 4:35,58,Pending,Recyclable,11306,7928
833,2759,Industrial Zone,88.781897,15.391434,1/17/2025 1:32,20,Pending,General,3588,78244
834,9256,Midtown,37.672541,42.434005,2/14/2025 5:57,84,Overflow,Organic,6191,78758
835,7272,Uptown,10.097386,-12.659726,2/27/2025 4:11,81,Pending,Organic,1248,38310
836,4933,Industrial Zone,-37.845221,176.716356,2/1/2025 22:18,45,Pending,Recyclable,2047,83235
837,7246,Suburb,25.508756,116.908164,1/28/2025 9:36,8,Overflow,General,11943,55964
838,9898,Industrial Zone,66.584165,109.243756,2/4/2025 4:57,6,Pending,Organic,17397,94404
839,2670,Suburb,19.578102,-46.280258,1/31/2025 11:43,32,Pending,Recyclable,12023,35531
840,6013,Midtown,50.36078,93.339536,2/23/2025 20:27,71,Collected,Organic,3126,74485
841,5681,Industrial Zone,-73.363192,-13.571738,1/4/2025 1:25,36,Collected,Recyclable,19847,96623
842,9254,Suburb,30.10023,-36.368495,2/19/2025 14:33,33,Overflow,Recyclable,15669,36880
843,6711,Suburb,-66.947748,9.852493,1/29/2025 10:59,71,Pending,Organic,8867,43438
844,2047,Uptown,31.691701,114.466176,1/12/2025 3:44,32,Pending,General,20000,68268
845,9303,Uptown,54.205832,108.114762,2/12/2025 15:12,75,Overflow,Organic,10822,25236
846,4378,Suburb,67.940435,-25.662633,1/31/2025 19:52,52,Collected,General,17033,79347
847,4945,Uptown,-38.042302,141.460904,1/22/2025 19:58,85,Overflow,Recyclable,6868,82101
848,1954,Uptown,-0.174335,-66.847036,2/13/2025 0:50,4,Overflow,Recyclable,6752,76267
849,7805,Industrial Zone,-23.137628,78.619747,1/25/2025 18:04,30,Overflow,Organic,15513,12459
850,2145,Suburb,4.638132,-170.628677,1/15/2025 15:40,0,Collected,General,1172,22795
851,6782,Uptown,-43.50647,109.089887,1/24/2025 21:33,52,Overflow,Recyclable,18028,4378
852,7850,Midtown,44.581442,-35.815224,2/21/2025 9:04,22,Pending,General,18147,19000
853,4698,Industrial Zone,44.442565,-32.840718,2/25/2025 15:32,10,Pending,Organic,6634,45639
854,9002,Downtown,-51.331752,135.239054,1/15/2025 6:57,67,Collected,General,8074,53500
855,7879,Midtown,-10.229266,-78.282014,1/29/2025 22:38,0,Collected,General,18715,62837
856,2775,Suburb,-33.661575,33.129418,1/9/2025 17:58,95,Overflow,Recyclable,2965,48907
857,8432,Midtown,86.481154,-124.490068,2/9/2025 20:01,100,Pending,Organic,9467,55238
858,9870,Suburb,39.722921,57.21749,1/12/2025 14:10,14,Pending,Organic,8595,84225
859,6450,Midtown,-46.402846,-106.457045,1/3/2025 7:20,22,Overflow,Organic,7433,21637
860,5713,Suburb,19.649035,34.146965,2/25/2025 5:41,57,Collected,Organic,3033,7238
861,9600,Downtown,36.931467,-15.771123,1/8/2025 18:10,56,Collected,Recyclable,13075,88350
862,8224,Industrial Zone,51.500448,-101.310003,1/2/2025 22:36,93,Collected,Recyclable,4038,63960
863,7041,Uptown,89.228664,32.833611,2/25/2025 12:21,53,Collected,General,4842,39290
864,6197,Downtown,50.124806,-110.27579,1/22/2025 6:16,31,Pending,Organic,10135,60739
865,6643,Suburb,-73.531585,-153.068639,1/10/2025 17:16,31,Collected,Recyclable,18274,63122
866,3560,Suburb,-33.377052,-37.597643,2/13/2025 23:38,15,Collected,Recyclable,18613,53760
867,3164,Suburb,32.740117,167.610012,2/26/2025 1:37,23,Collected,General,18063,67705
868,8291,Industrial Zone,21.712721,165.341746,1/3/2025 2:15,50,Pending,Recyclable,6115,96015
869,5821,Industrial Zone,50.020632,154.938772,2/21/2025 1:42,63,Collected,Organic,1657,93671
870,6493,Downtown,9.061159,-80.724735,1/8/2025 9:23,24,Overflow,General,14551,86699
871,7563,Downtown,-27.177598,-101.273578,1/13/2025 17:13,82,Collected,General,13628,51359
872,4451,Midtown,-64.140935,154.138194,2/25/2025 22:25,44,Pending,Organic,18493,84738
873,3531,Suburb,71.218111,-85.92421,2/6/2025 12:37,89,Collected,Recyclable,19746,37095
874,1785,Uptown,61.240878,8.861183,2/13/2025 16:14,91,Collected,General,13412,14966
875,1226,Downtown,-58.615764,-31.683949,2/3/2025 23:19,52,Collected,Recyclable,19363,57524
876,4159,Industrial Zone,-38.796764,77.958449,2/10/2025 11:32,57,Collected,Recyclable,11080,19018
877,4512,Midtown,-2.02755,-10.374247,2/11/2025 21:20,93,Collected,Organic,11153,37213
878,5349,Downtown,20.532128,112.616694,2/6/2025 7:09,90,Collected,General,14669,43998
879,8182,Suburb,-79.405577,-95.635154,2/7/2025 13:12,33,Overflow,Recyclable,2391,40919
880,3310,Industrial Zone,-86.232436,-135.22917,1/21/2025 8:49,90,Pending,Recyclable,17137,60960
881,9534,Midtown,54.059852,-104.090644,2/15/2025 3:46,86,Collected,General,1855,55898
882,4382,Uptown,-49.363991,-96.805931,2/18/2025 17:22,96,Collected,General,7403,87228
883,4853,Suburb,-85.190074,167.59661,2/3/2025 6:11,49,Collected,Recyclable,592,31958
884,6919,Suburb,4.844754,-141.447624,2/7/2025 14:56,73,Overflow,Organic,19770,64042
885,4018,Suburb,-85.653163,-15.667983,1/11/2025 9:31,11,Pending,General,19263,8800
886,1734,Suburb,-11.857912,-61.900259,1/20/2025 14:23,37,Overflow,Recyclable,7384,29466
887,9723,Suburb,-65.49789,-95.844756,1/6/2025 18:05,38,Collected,General,19071,53615
888,6673,Industrial Zone,7.376208,16.400852,2/28/2025 18:16,93,Overflow,Organic,15477,67905
889,4667,Industrial Zone,33.793965,35.489332,2/19/2025 12:53,38,Collected,General,12771,81094
890,6925,Midtown,-51.893537,-14.256493,1/14/2025 7:48,73,Overflow,Organic,9645,43405
891,9164,Industrial Zone,17.890706,-169.477074,2/23/2025 14:44,97,Overflow,General,11846,56249
892,6939,Uptown,-5.376177,126.802734,1/1/2025 18:01,45,Collected,General,16903,8678
893,1983,Downtown,-25.042449,-23.023707,2/9/2025 16:30,3,Pending,General,18864,6682
894,3459,Suburb,-22.774103,-174.281366,1/30/2025 15:19,98,Overflow,Recyclable,12116,48213
895,2034,Midtown,-28.57841,32.523248,1/19/2025 14:18,86,Pending,General,17564,59867
896,6639,Midtown,20.026593,26.708106,1/6/2025 22:18,11,Pending,General,5438,57433
897,9038,Industrial Zone,29.186662,-76.970236,1/30/2025 22:49,50,Collected,Recyclable,15340,38321
898,6864,Midtown,48.40346,-151.387645,2/18/2025 8:35,56,Collected,Organic,12682,71311
899,9658,Midtown,28.194301,65.977818,1/25/2025 4:45,26,Collected,Organic,2611,43942
900,4819,Downtown,-78.435335,-148.477848,1/2/2025 17:03,21,Overflow,Organic,6807,57623
901,3700,Suburb,31.78233,172.021912,1/2/2025 4:22,72,Collected,General,8814,34183
902,2186,Downtown,-46.926851,-43.087809,2/17/2025 21:18,84,Overflow,Organic,18044,95047
903,3050,Downtown,-18.260282,-13.094178,1/5/2025 9:00,44,Collected,Recyclable,18381,69828
904,8567,Suburb,-75.861975,32.826026,1/19/2025 21:49,86,Pending,Recyclable,14647,50611
905,9596,Industrial Zone,12.301212,108.638466,1/3/2025 2:58,40,Pending,General,9025,81804
906,7710,Suburb,-49.399742,-152.538458,2/22/2025 17:02,0,Overflow,Recyclable,16155,90961
907,8269,Downtown,81.133712,-89.066844,1/9/2025 8:09,40,Overflow,Organic,12514,7996
908,7951,Midtown,64.616874,173.30439,2/14/2025 15:48,12,Overflow,General,6461,22761
909,8384,Uptown,-17.280258,105.221712,1/8/2025 10:39,11,Pending,General,17389,95377
910,3824,Industrial Zone,-42.834827,38.255595,2/16/2025 5:57,19,Pending,Organic,12903,68857
911,8862,Suburb,26.516314,-116.492572,2/21/2025 4:20,71,Pending,Organic,19017,11730
912,6807,Uptown,-86.341188,-103.936122,2/17/2025 9:48,91,Collected,Organic,16509,49478
913,4088,Suburb,-6.446902,105.897613,1/4/2025 14:58,58,Collected,General,5821,36760
914,3345,Uptown,-64.904821,-106.233387,1/7/2025 19:35,6,Overflow,Organic,17478,19597
915,2040,Downtown,35.738773,22.992676,2/10/2025 4:02,20,Overflow,Recyclable,8300,8789
916,8905,Downtown,-7.430036,165.744624,2/8/2025 7:31,75,Pending,General,16234,5796
917,8442,Suburb,-65.889491,154.90825,1/26/2025 21:41,11,Collected,General,17902,64537
918,8859,Downtown,-74.082649,-121.922626,1/4/2025 14:52,25,Overflow,Recyclable,15544,44948
919,2003,Downtown,36.79808,135.328273,1/12/2025 3:41,99,Overflow,Recyclable,13327,98388
920,6592,Downtown,-9.036308,164.996062,2/18/2025 17:33,49,Pending,General,11616,78829
921,9545,Industrial Zone,50.572945,136.466617,2/26/2025 10:17,4,Overflow,General,16191,41989
922,1797,Suburb,-26.783677,-73.207721,1/13/2025 20:06,90,Collected,Organic,1731,54818
923,3483,Industrial Zone,76.26846,-97.762785,1/1/2025 0:48,9,Pending,Organic,8711,56749
924,7070,Industrial Zone,8.651296,-79.045609,1/2/2025 3:51,23,Collected,Recyclable,9485,33087
925,8177,Uptown,-53.716713,-116.268661,3/1/2025 19:48,97,Collected,General,14031,26922
926,8969,Industrial Zone,-52.307295,-159.041162,2/3/2025 1:13,89,Collected,General,13576,58325
927,9535,Suburb,-36.440824,122.821941,2/2/2025 12:52,95,Collected,Organic,14676,47253
928,1680,Industrial Zone,44.201608,13.269944,1/5/2025 22:28,6,Collected,Organic,3162,46366
929,2482,Suburb,84.817989,22.023923,2/13/2025 14:17,67,Collected,Recyclable,8210,53742
930,5593,Suburb,34.665161,38.973472,2/17/2025 17:55,49,Overflow,Organic,2121,96316
931,1554,Suburb,-50.73636,-175.400707,2/19/2025 5:19,36,Pending,Organic,633,9564
932,7116,Industrial Zone,-57.089442,-81.62124,1/27/2025 3:45,37,Collected,Recyclable,9784,53965
933,1271,Midtown,-15.179808,-54.179404,1/24/2025 15:32,76,Collected,General,6078,52557
934,3251,Midtown,-65.897161,-141.046928,1/28/2025 20:23,87,Pending,General,4200,59984
935,2608,Industrial Zone,10.752038,-158.283835,1/6/2025 6:56,83,Overflow,Recyclable,8811,76058
936,2961,Suburb,44.735441,-141.731754,3/1/2025 0:25,72,Collected,General,7443,66385
937,9994,Industrial Zone,60.820821,49.863708,1/11/2025 23:54,81,Overflow,Organic,17355,45082
938,2306,Industrial Zone,34.958312,14.703002,1/16/2025 18:34,94,Collected,General,10754,56534
939,3089,Midtown,-40.936704,-26.077562,1/23/2025 18:13,43,Overflow,General,19707,78086
940,3040,Midtown,-83.630233,-90.076645,1/15/2025 13:57,13,Collected,Organic,15361,42742
941,7764,Uptown,-29.664804,-109.025214,1/15/2025 11:49,48,Overflow,General,14040,99993
942,4343,Midtown,-8.010739,117.837141,1/27/2025 14:48,51,Collected,General,6671,92776
943,4435,Downtown,-82.201553,-93.826765,1/29/2025 5:46,29,Collected,General,10011,18683
944,2944,Industrial Zone,-24.92868,-47.52329,1/13/2025 5:48,34,Overflow,Organic,9992,39507
945,5103,Industrial Zone,-73.706083,-75.87148,1/9/2025 15:38,94,Overflow,Organic,1444,25298
946,6146,Midtown,-71.489404,-55.782201,1/25/2025 12:04,65,Collected,Recyclable,10008,91497
947,2349,Industrial Zone,63.355696,121.949443,2/14/2025 5:57,63,Pending,Organic,1863,37500
948,7016,Midtown,-59.036967,2.785092,1/12/2025 6:24,72,Overflow,Recyclable,12617,83815
949,2799,Industrial Zone,17.667655,-136.042736,1/23/2025 6:36,17,Overflow,Organic,17419,19721
950,5361,Industrial Zone,41.560454,-179.656501,2/3/2025 10:25,86,Collected,Organic,19457,77509
951,4822,Midtown,77.410003,156.058886,2/22/2025 3:39,77,Collected,Organic,17785,91821
952,5110,Midtown,3.751334,67.390518,2/15/2025 2:36,50,Pending,General,18717,13554
953,4555,Uptown,17.022501,157.24288,1/5/2025 5:12,67,Overflow,Recyclable,19342,5138
954,2216,Uptown,48.29572,98.723794,1/28/2025 18:25,26,Pending,Recyclable,5124,39374
955,3557,Midtown,-52.119946,45.335598,2/7/2025 20:06,80,Collected,Recyclable,8603,5234
956,5712,Industrial Zone,85.257739,-116.376893,2/21/2025 2:08,46,Pending,General,15041,39144
957,8114,Downtown,-4.398678,-2.504732,1/16/2025 8:29,96,Pending,General,7428,71559
958,8176,Downtown,2.424224,-104.456559,2/17/2025 21:56,42,Overflow,Recyclable,1568,13078
959,2475,Midtown,-52.375002,-55.03184,2/1/2025 0:10,73,Collected,General,5702,21801
960,1852,Uptown,31.516997,157.044729,1/18/2025 23:11,16,Pending,General,16005,23594
961,6149,Downtown,79.445517,80.326507,2/28/2025 14:37,44,Overflow,Recyclable,5014,17383
962,1876,Uptown,88.345853,118.093294,1/13/2025 15:58,11,Pending,General,4966,56836
963,9768,Downtown,41.349509,-27.423189,1/25/2025 17:12,1,Overflow,Recyclable,3690,84847
964,5721,Suburb,38.53971,110.930158,2/1/2025 10:23,5,Overflow,Organic,3514,92903
965,6217,Downtown,-53.325763,-103.78264,2/14/2025 2:00,91,Collected,Recyclable,14440,23997
966,8712,Downtown,-0.886764,152.233859,2/16/2025 3:58,42,Pending,Recyclable,19486,22519
967,6966,Downtown,34.060766,79.656568,2/28/2025 19:16,2,Collected,Organic,2465,58930
968,1269,Industrial Zone,-57.566694,-163.29727,2/14/2025 10:43,76,Pending,Recyclable,12588,26855
969,1020,Downtown,77.453722,-174.769002,1/5/2025 18:18,48,Overflow,Organic,10663,16305
970,1690,Suburb,-65.38368,-154.854014,2/22/2025 12:09,34,Pending,Recyclable,17439,33531
971,8295,Industrial Zone,10.126609,147.683127,2/3/2025 7:36,91,Pending,Organic,15117,63756
972,4425,Downtown,64.735956,170.635883,1/31/2025 9:26,94,Overflow,Recyclable,12752,82914
973,4365,Downtown,44.093065,-115.040839,2/20/2025 18:15,94,Overflow,Organic,17013,43024
974,1935,Suburb,73.760514,48.134103,1/16/2025 18:30,31,Overflow,Organic,6895,59757
975,6335,Suburb,11.460349,76.280001,2/19/2025 14:18,62,Pending,Recyclable,12993,93465
976,7591,Midtown,-41.690331,106.782202,1/24/2025 12:26,11,Pending,Recyclable,13639,11029
977,9482,Midtown,66.358988,172.587569,2/27/2025 14:12,38,Pending,Organic,842,11530
978,5324,Industrial Zone,-39.067294,-19.709813,1/10/2025 13:53,19,Overflow,Recyclable,4244,10028
979,7697,Downtown,47.173754,-30.643291,1/6/2025 8:00,73,Pending,Recyclable,4802,91916
980,9891,Suburb,-82.628022,128.874963,2/28/2025 1:36,5,Collected,Recyclable,3736,77291
981,3613,Downtown,-38.540497,122.392404,2/3/2025 18:09,20,Pending,General,15502,52579
982,8860,Midtown,-60.452809,-173.751046,2/17/2025 1:13,29,Pending,Organic,19100,53326
983,4657,Downtown,19.363694,-53.952586,2/28/2025 2:54,83,Collected,Organic,19516,32092
984,3817,Industrial Zone,26.868592,92.302493,1/18/2025 9:32,66,Overflow,Organic,12747,85105
985,8239,Industrial Zone,-59.246599,-63.160215,2/23/2025 4:06,6,Overflow,Recyclable,4796,53804
986,7721,Uptown,-57.079196,165.505606,1/1/2025 2:19,100,Collected,Recyclable,12242,94244
987,6308,Industrial Zone,-83.947035,150.675579,1/17/2025 6:14,28,Collected,Recyclable,1756,4581
988,1993,Downtown,-49.805852,164.406278,1/25/2025 0:23,67,Pending,Recyclable,13490,23632
989,3021,Downtown,64.460949,71.97307,1/15/2025 16:26,6,Collected,General,14229,37993
990,1850,Downtown,39.434898,17.429466,2/5/2025 11:06,73,Pending,Recyclable,780,99640
991,9023,Industrial Zone,87.53039,12.119064,2/3/2025 15:04,68,Overflow,General,12478,45840
992,4780,Uptown,80.802925,-87.934968,1/12/2025 7:43,16,Collected,Organic,9883,20406
993,5048,Uptown,-48.032104,77.090726,1/27/2025 20:08,6,Collected,Organic,14613,70509
994,2922,Industrial Zone,14.941626,-97.626259,1/16/2025 14:59,6,Overflow,Recyclable,18479,53864
995,6930,Midtown,3.317722,87.067002,2/27/2025 22:01,51,Pending,General,5380,80293
996,6324,Industrial Zone,55.522346,29.033412,2/6/2025 2:20,85,Collected,Recyclable,13421,91967
997,6767,Suburb,5.131316,-174.493686,1/8/2025 2:47,47,Pending,Organic,14424,88946
998,7160,Uptown,57.587063,-25.059271,1/25/2025 6:10,35,Pending,Recyclable,16130,40643
999,2374,Industrial Zone,64.746575,40.590035,1/29/2025 21:02,24,Collected,General,4433,81563
1000,7408,Midtown,-32.711061,10.276634,1/23/2025 5:42,8,Collected,Recyclable,15091,3670
